country_txt,attacks_total,avg_killed,avg_wounded,median_killed,max_killed,severity_index,attacktype_Armed Assault,attacktype_Assassination,attacktype_Bombing/Explosion,attacktype_Facility/Infrastructure Attack,attacktype_Hijacking,attacktype_Hostage Taking (Barricade Incident),attacktype_Hostage Taking (Kidnapping),attacktype_Unarmed Assault,attacktype_Unknown,targettype_Abortion Related,targettype_Airports & Aircraft,targettype_Business,targettype_Educational Institution,targettype_Food or Water Supply,targettype_Government (Diplomatic),targettype_Government (General),targettype_Journalists & Media,targettype_Maritime,targettype_Military,targettype_NGO,targettype_Other,targettype_Police,targettype_Private Citizens & Property,targettype_Religious Figures/Institutions,targettype_Telecommunication,targettype_Terrorists/Non-State Militia,targettype_Tourists,targettype_Transportation,targettype_Unknown,targettype_Utilities,targettype_Violent Political Party,weaptype_Biological,weaptype_Chemical,weaptype_Explosives,weaptype_Fake Weapons,weaptype_Firearms,weaptype_Incendiary,weaptype_Melee,weaptype_Other,weaptype_Radiological,weaptype_Sabotage Equipment,weaptype_Unknown,"weaptype_Vehicle (not to include vehicle-borne explosives, i.e., car or truck bombs)",pct_successful,pct_suicide,num_groups
Afghanistan,18796,3.5709725473505003,3.5345818259204087,1.0,466.0,1.4696352265486803,0.21254522238774207,0.07352628218769951,0.433017663332624,0.023356033198552884,0.001383273036816344,0.0023941264098744416,0.07677165354330709,0.004256224728665673,0.17274952117471803,0.0,0.003192168546499255,0.028995530964034903,0.02128112364332837,0.0007448393275164928,0.008406043839114705,0.11842945307512237,0.005692700574590338,0.00015960842732496276,0.2074909555224516,0.008884869121089593,0.0007980421366248138,0.28894445626729093,0.19232815492658012,0.016226856778037882,0.004681847201532241,0.022824005107469673,0.00015960842732496276,0.010108533730580975,0.05623536922749521,0.0031389657373909344,0.001276867418599702,0.0,0.003298574164715897,0.47589912747393065,0.0,0.2764949989359438,0.020749095552245158,0.007927218557139817,0.0003724196637582464,0.0,0.0005320280910832092,0.21456692913385828,0.00015960842732496276,0.8701851457756969,0.0791125771440732,31.0
Albania,17,0.058823529411764705,0.11764705882352941,0.0,1.0,0.08154672712469944,0.0,0.058823529411764705,0.8235294117647058,0.0,0.0,0.0,0.058823529411764705,0.058823529411764705,0.0,0.0,0.0,0.058823529411764705,0.0,0.0,0.0,0.4117647058823529,0.058823529411764705,0.0,0.0,0.0,0.0,0.058823529411764705,0.23529411764705882,0.0,0.0,0.0,0.0,0.058823529411764705,0.058823529411764705,0.058823529411764705,0.0,0.0,0.058823529411764705,0.8823529411764706,0.0,0.0,0.0,0.0,0.0,0.0,0.0,0.058823529411764705,0.0,0.5882352941176471,0.0,1.0
Algeria,1360,2.7044117647058825,2.478676470588235,1.0,69.0,1.3360631634916065,0.3610294117647059,0.041176470588235294,0.5022058823529412,0.0058823529411764705,0.0014705882352941176,0.0007352941176470588,0.04044117647058824,0.0,0.047058823529411764,0.0,0.0007352941176470588,0.045588235294117645,0.005147058823529412,0.0,0.0029411764705882353,0.04632352941176471,0.0014705882352941176,0.0,0.26029411764705884,0.0,0.0014705882352941176,0.23897058823529413,0.29044117647058826,0.003676470588235294,0.0007352941176470588,0.01764705882352941,0.008823529411764706,0.028676470588235293,0.03308823529411765,0.013970588235294118,0.0,0.0,0.0,0.5125,0.0007352941176470588,0.3463235294117647,0.0058823529411764705,0.06691176470588235,0.0,0.0,0.0,0.06764705882352941,0.0,0.9227941176470589,0.023529411764705882,30.0
Angola,81,13.74074074074074,11.765432098765432,5.0,259.0,2.127449590796956,0.5061728395061729,0.0,0.08641975308641975,0.07407407407407407,0.0,0.0,0.12345679012345678,0.012345679012345678,0.19753086419753085,0.0,0.024691358024691357,0.08641975308641975,0.0,0.0,0.012345679012345678,0.04938271604938271,0.0,0.0,0.12345679012345678,0.0,0.0,0.024691358024691357,0.5679012345679012,0.037037037037037035,0.0,0.0,0.0,0.037037037037037035,0.012345679012345678,0.024691358024691357,0.0,0.0,0.012345679012345678,0.08641975308641975,0.0,0.5185185185185185,0.06172839506172839,0.024691358024691357,0.0,0.0,0.0,0.2962962962962963,0.0,0.9753086419753086,0.0,7.0
Argentina,35,0.05714285714285714,0.2857142857142857,0.0,2.0,0.1931877933944016,0.05714285714285714,0.05714285714285714,0.6,0.2,0.0,0.02857142857142857,0.02857142857142857,0.02857142857142857,0.0,0.0,0.08571428571428572,0.22857142857142856,0.0,0.0,0.08571428571428572,0.17142857142857143,0.0,0.0,0.02857142857142857,0.02857142857142857,0.0,0.08571428571428572,0.2,0.05714285714285714,0.0,0.0,0.0,0.02857142857142857,0.0,0.0,0.0,0.0,0.0,0.6285714285714286,0.0,0.08571428571428572,0.2,0.02857142857142857,0.02857142857142857,0.0,0.0,0.02857142857142857,0.0,0.8857142857142857,0.0,13.0
Armenia,12,0.6666666666666666,0.25,0.0,6.0,0.40433585532663474,0.08333333333333333,0.3333333333333333,0.3333333333333333,0.08333333333333333,0.0,0.08333333333333333,0.08333333333333333,0.0,0.0,0.0,0.0,0.0,0.0,0.0,0.0,0.5833333333333334,0.08333333333333333,0.0,0.0,0.0,0.0,0.16666666666666666,0.16666666666666666,0.0,0.0,0.0,0.0,0.0,0.0,0.0,0.0,0.0,0.0,0.4166666666666667,0.0,0.4166666666666667,0.08333333333333333,0.0,0.0,0.0,0.0,0.08333333333333333,0.0,0.6666666666666666,0.08333333333333333,1.0
Australia,52,0.2692307692307692,0.6346153846153846,0.0,3.0,0.2985697315029196,0.21153846153846154,0.0,0.07692307692307693,0.6346153846153846,0.0,0.038461538461538464,0.0,0.038461538461538464,0.0,0.0,0.019230769230769232,0.1346153846153846,0.0,0.0,0.019230769230769232,0.0,0.019230769230769232,0.0,0.0,0.0,0.0,0.11538461538461539,0.19230769230769232,0.4423076923076923,0.038461538461538464,0.0,0.0,0.019230769230769232,0.0,0.0,0.0,0.0,0.019230769230769232,0.057692307692307696,0.0,0.11538461538461539,0.6730769230769231,0.09615384615384616,0.019230769230769232,0.0,0.0,0.0,0.019230769230769232,0.9038461538461539,0.019230769230769232,10.0
Austria,23,0.43478260869565216,1.5217391304347827,0.0,5.0,0.47869860916753976,0.30434782608695654,0.0,0.0,0.6086956521739131,0.0,0.0,0.0,0.08695652173913043,0.0,0.0,0.0,0.2608695652173913,0.0,0.0,0.13043478260869565,0.043478260869565216,0.0,0.0,0.043478260869565216,0.0,0.0,0.0,0.391304347826087,0.13043478260869565,0.0,0.0,0.0,0.0,0.0,0.0,0.0,0.0,0.043478260869565216,0.0,0.0,0.17391304347826086,0.5217391304347826,0.21739130434782608,0.0,0.0,0.043478260869565216,0.0,0.0,1.0,0.043478260869565216,6.0
Azerbaijan,19,0.6842105263157895,1.5789473684210527,0.0,5.0,0.8871236867254376,0.10526315789473684,0.15789473684210525,0.47368421052631576,0.15789473684210525,0.0,0.0,0.0,0.0,0.10526315789473684,0.0,0.0,0.10526315789473684,0.0,0.0,0.0,0.15789473684210525,0.0,0.0,0.15789473684210525,0.0,0.0,0.15789473684210525,0.15789473684210525,0.21052631578947367,0.0,0.0,0.0,0.0,0.0,0.05263157894736842,0.0,0.0,0.0,0.47368421052631576,0.0,0.3157894736842105,0.10526315789473684,0.0,0.0,0.0,0.0,0.10526315789473684,0.0,0.8421052631578947,0.05263157894736842,4.0
Bahamas,1,0.0,0.0,0.0,0.0,0.0,0.0,0.0,1.0,0.0,0.0,0.0,0.0,0.0,0.0,0.0,0.0,0.0,0.0,0.0,0.0,0.0,1.0,0.0,0.0,0.0,0.0,0.0,0.0,0.0,0.0,0.0,0.0,0.0,0.0,0.0,0.0,0.0,0.0,1.0,0.0,0.0,0.0,0.0,0.0,0.0,0.0,0.0,0.0,0.0,0.0,
Bahrain,169,0.17159763313609466,0.9940828402366864,0.0,3.0,0.5010439726579314,0.1893491124260355,0.011834319526627219,0.6449704142011834,0.1301775147928994,0.0,0.005917159763313609,0.0,0.005917159763313609,0.011834319526627219,0.0,0.0,0.05325443786982249,0.05325443786982249,0.0,0.01775147928994083,0.029585798816568046,0.0,0.0,0.023668639053254437,0.0,0.0,0.44970414201183434,0.21893491124260356,0.03550295857988166,0.0,0.0,0.0,0.011834319526627219,0.10059171597633136,0.005917159763313609,0.0,0.0,0.0,0.6390532544378699,0.0,0.047337278106508875,0.2958579881656805,0.005917159763313609,0.0,0.0,0.0,0.011834319526627219,0.0,0.8461538461538461,0.0,10.0
Bangladesh,1174,0.4514480408858603,2.6252129471890973,0.0,28.0,0.6604232056454681,0.13373083475298125,0.08347529812606473,0.5400340715502555,0.1797274275979557,0.0,0.00596252129471891,0.03577512776831346,0.007666098807495741,0.013628620102214651,0.0,0.0008517887563884157,0.06643952299829642,0.08347529812606473,0.0,0.0034071550255536627,0.17802385008517888,0.020442930153321975,0.0017035775127768314,0.008517887563884156,0.005110732538330494,0.0,0.08858603066439523,0.20017035775127767,0.041737649063032366,0.0008517887563884157,0.019591141396933562,0.0,0.08432708688245315,0.06643952299829642,0.0008517887563884157,0.12947189097103917,0.0,0.0,0.5954003407155025,0.0,0.10221465076660988,0.20017035775127767,0.06814310051107325,0.0,0.0,0.004258943781942078,0.029812606473594547,0.0,0.9054514480408858,0.011073253833049404,33.0
Belarus,11,1.1818181818181819,19.272727272727273,0.0,13.0,0.8899780715643442,0.0,0.0,0.5454545454545454,0.36363636363636365,0.0,0.0,0.0,0.09090909090909091,0.0,0.0,0.0,0.0,0.0,0.0,0.18181818181818182,0.18181818181818182,0.0,0.0,0.0,0.0,0.0,0.2727272727272727,0.18181818181818182,0.0,0.0,0.0,0.0,0.09090909090909091,0.09090909090909091,0.0,0.0,0.0,0.0,0.5454545454545454,0.0,0.0,0.36363636363636365,0.09090909090909091,0.0,0.0,0.0,0.0,0.0,1.0,0.0,1.0
Belgium,32,1.46875,9.65625,0.0,18.0,0.8336212654268079,0.21875,0.03125,0.1875,0.28125,0.0,0.03125,0.0,0.25,0.0,0.0,0.0625,0.0,0.0,0.0,0.09375,0.21875,0.0,0.0,0.03125,0.0,0.0,0.1875,0.15625,0.15625,0.03125,0.0,0.0,0.0625,0.0,0.0,0.0,0.0,0.25,0.1875,0.0,0.09375,0.28125,0.1875,0.0,0.0,0.0,0.0,0.0,0.6875,0.09375,8.0
Belize,2,0.0,0.0,0.0,0.0,0.0,0.0,0.0,0.5,0.5,0.0,0.0,0.0,0.0,0.0,0.0,0.0,0.0,0.0,0.0,0.5,0.5,0.0,0.0,0.0,0.0,0.0,0.0,0.0,0.0,0.0,0.0,0.0,0.0,0.0,0.0,0.0,0.0,0.0,0.5,0.0,0.5,0.0,0.0,0.0,0.0,0.0,0.0,0.0,1.0,0.0,
Benin,3,0.6666666666666666,1.6666666666666667,1.0,1.0,1.1337324605540517,0.6666666666666666,0.0,0.0,0.0,0.0,0.0,0.3333333333333333,0.0,0.0,0.0,0.0,0.0,0.0,0.0,0.0,0.3333333333333333,0.0,0.0,0.0,0.0,0.0,0.3333333333333333,0.0,0.0,0.0,0.0,0.3333333333333333,0.0,0.0,0.0,0.0,0.0,0.0,0.0,0.0,1.0,0.0,0.0,0.0,0.0,0.0,0.0,0.0,1.0,0.0,1.0
Bhutan,6,1.5,0.8333333333333334,0.5,4.0,1.0067091185462356,0.0,0.0,0.8333333333333334,0.0,0.0,0.0,0.16666666666666666,0.0,0.0,0.0,0.0,0.16666666666666666,0.0,0.0,0.0,0.16666666666666666,0.0,0.0,0.0,0.0,0.0,0.0,0.5,0.0,0.0,0.0,0.0,0.0,0.0,0.16666666666666666,0.0,0.0,0.0,0.8333333333333334,0.0,0.16666666666666666,0.0,0.0,0.0,0.0,0.0,0.0,0.0,1.0,0.0,2.0
Bolivia,21,0.5714285714285714,3.2857142857142856,0.0,8.0,0.5337092263896827,0.09523809523809523,0.047619047619047616,0.42857142857142855,0.3333333333333333,0.0,0.0,0.09523809523809523,0.0,0.0,0.0,0.0,0.09523809523809523,0.0,0.0,0.0,0.09523809523809523,0.09523809523809523,0.0,0.0,0.047619047619047616,0.0,0.047619047619047616,0.19047619047619047,0.047619047619047616,0.3333333333333333,0.0,0.0,0.047619047619047616,0.0,0.0,0.0,0.0,0.0,0.47619047619047616,0.0,0.047619047619047616,0.38095238095238093,0.047619047619047616,0.0,0.0,0.0,0.047619047619047616,0.0,0.9523809523809523,0.0,3.0
Bosnia-Herzegovina,35,0.2571428571428571,0.9714285714285714,0.0,2.0,0.5261713656013709,0.14285714285714285,0.08571428571428572,0.5714285714285714,0.11428571428571428,0.0,0.0,0.0,0.05714285714285714,0.02857142857142857,0.0,0.0,0.08571428571428572,0.0,0.0,0.02857142857142857,0.05714285714285714,0.05714285714285714,0.0,0.02857142857142857,0.0,0.0,0.11428571428571428,0.37142857142857144,0.22857142857142856,0.0,0.0,0.0,0.0,0.02857142857142857,0.0,0.0,0.0,0.0,0.5714285714285714,0.0,0.14285714285714285,0.08571428571428572,0.11428571428571428,0.0,0.0,0.0,0.08571428571428572,0.0,0.9428571428571428,0.0,4.0
Brazil,48,0.5416666666666666,0.4375,0.0,5.0,0.453415638816486,0.22916666666666666,0.375,0.20833333333333334,0.10416666666666667,0.0,0.020833333333333332,0.0625,0.0,0.0,0.0,0.0,0.125,0.0,0.0,0.0,0.08333333333333333,0.4375,0.0,0.0,0.041666666666666664,0.0,0.020833333333333332,0.10416666666666667,0.125,0.020833333333333332,0.0,0.0,0.041666666666666664,0.0,0.0,0.0,0.0,0.0,0.1875,0.020833333333333332,0.5208333333333334,0.125,0.08333333333333333,0.0,0.0,0.0,0.0625,0.0,0.75,0.020833333333333332,7.0
Bulgaria,19,0.6842105263157895,1.6842105263157894,0.0,7.0,0.4468219170340002,0.0,0.10526315789473684,0.5789473684210527,0.15789473684210525,0.0,0.0,0.0,0.15789473684210525,0.0,0.0,0.0,0.21052631578947367,0.0,0.0,0.0,0.3684210526315789,0.10526315789473684,0.0,0.0,0.05263157894736842,0.0,0.0,0.15789473684210525,0.05263157894736842,0.0,0.0,0.05263157894736842,0.0,0.0,0.0,0.0,0.0,0.05263157894736842,0.6842105263157895,0.0,0.0,0.15789473684210525,0.10526315789473684,0.0,0.0,0.0,0.0,0.0,0.8421052631578947,0.05263157894736842,3.0
Burkina Faso,392,4.420918367346939,1.8214285714285714,2.0,58.0,1.333342177637548,0.5229591836734694,0.05102040816326531,0.12755102040816327,0.061224489795918366,0.01020408163265306,0.01020408163265306,0.10714285714285714,0.0,0.1096938775510204,0.0,0.0,0.04591836734693878,0.0663265306122449,0.0,0.002551020408163265,0.09438775510204081,0.002551020408163265,0.0,0.21428571428571427,0.00510204081632653,0.00510204081632653,0.21173469387755103,0.2602040816326531,0.04591836734693878,0.0,0.015306122448979591,0.002551020408163265,0.02295918367346939,0.002551020408163265,0.002551020408163265,0.0,0.0,0.0,0.15051020408163265,0.0,0.6607142857142857,0.058673469387755105,0.002551020408163265,0.0,0.0,0.0,0.12755102040816327,0.0,0.9158163265306123,0.00510204081632653,9.0
Burundi,388,2.6056701030927836,2.729381443298969,1.0,36.0,1.3187126787977141,0.36082474226804123,0.08762886597938144,0.4175257731958763,0.02577319587628866,0.002577319587628866,0.002577319587628866,0.05154639175257732,0.0,0.05154639175257732,0.0,0.002577319587628866,0.1211340206185567,0.01288659793814433,0.0,0.01288659793814433,0.0979381443298969,0.007731958762886598,0.005154639175257732,0.14432989690721648,0.005154639175257732,0.0,0.13144329896907217,0.3247422680412371,0.020618556701030927,0.0,0.0,0.005154639175257732,0.03350515463917526,0.030927835051546393,0.005154639175257732,0.03865979381443299,0.0,0.0,0.5077319587628866,0.0,0.38144329896907214,0.020618556701030927,0.007731958762886598,0.0,0.0,0.0,0.08247422680412371,0.0,0.9484536082474226,0.0,12.0
Cambodia,21,1.0476190476190477,1.8571428571428572,0.0,8.0,0.8112349516513679,0.2857142857142857,0.09523809523809523,0.5238095238095238,0.0,0.0,0.0,0.047619047619047616,0.047619047619047616,0.0,0.0,0.0,0.09523809523809523,0.0,0.0,0.0,0.3333333333333333,0.047619047619047616,0.0,0.047619047619047616,0.0,0.0,0.047619047619047616,0.23809523809523808,0.0,0.047619047619047616,0.0,0.0,0.0,0.047619047619047616,0.0,0.09523809523809523,0.0,0.047619047619047616,0.5714285714285714,0.0,0.38095238095238093,0.0,0.0,0.0,0.0,0.0,0.0,0.0,0.8571428571428571,0.0,2.0
Cameroon,860,3.6116279069767443,1.8953488372093024,1.0,180.0,1.0179512003790456,0.24651162790697675,0.03488372093023256,0.18372093023255814,0.11162790697674418,0.005813953488372093,0.009302325581395349,0.3127906976744186,0.0011627906976744186,0.0941860465116279,0.0,0.0011627906976744186,0.04302325581395349,0.07674418604651163,0.002325581395348837,0.0034883720930232558,0.11627906976744186,0.009302325581395349,0.002325581395348837,0.1511627906976744,0.004651162790697674,0.0011627906976744186,0.09302325581395349,0.4011627906976744,0.03488372093023256,0.0011627906976744186,0.0069767441860465115,0.0034883720930232558,0.01744186046511628,0.030232558139534883,0.0,0.0,0.0,0.0,0.1941860465116279,0.0,0.47093023255813954,0.10813953488372093,0.03255813953488372,0.0011627906976744186,0.0,0.0,0.1930232558139535,0.0,0.922093023255814,0.12093023255813953,15.0
Canada,83,0.3614457831325301,1.927710843373494,0.0,10.0,0.5198730926503277,0.18072289156626506,0.012048192771084338,0.20481927710843373,0.4578313253012048,0.0,0.0,0.012048192771084338,0.13253012048192772,0.0,0.012048192771084338,0.0,0.13253012048192772,0.024096385542168676,0.012048192771084338,0.0,0.060240963855421686,0.03614457831325301,0.0,0.03614457831325301,0.0,0.0,0.060240963855421686,0.2289156626506024,0.1686746987951807,0.08433734939759036,0.0,0.0,0.04819277108433735,0.012048192771084338,0.08433734939759036,0.0,0.0,0.024096385542168676,0.20481927710843373,0.0,0.07228915662650602,0.43373493975903615,0.1927710843373494,0.012048192771084338,0.0,0.024096385542168676,0.0,0.03614457831325301,0.8674698795180723,0.012048192771084338,21.0
Central African Republic,373,6.512064343163539,4.297587131367292,1.0,136.0,1.4527218728845905,0.517426273458445,0.032171581769437,0.05361930294906166,0.03753351206434316,0.00804289544235925,0.01876675603217158,0.19571045576407506,0.0,0.13672922252010725,0.0,0.0,0.01876675603217158,0.005361930294906166,0.0,0.21179624664879357,0.058981233243967826,0.013404825737265416,0.0,0.07506702412868632,0.05630026809651475,0.002680965147453083,0.02680965147453083,0.4691689008042895,0.04289544235924933,0.0,0.010723860589812333,0.0,0.002680965147453083,0.002680965147453083,0.0,0.002680965147453083,0.0,0.0,0.0938337801608579,0.0,0.613941018766756,0.0160857908847185,0.029490616621983913,0.0,0.0,0.0,0.24664879356568364,0.0,0.9222520107238605,0.0,20.0
Chad,114,12.043859649122806,16.105263157894736,5.0,160.0,2.1097912006365895,0.2982456140350877,0.0,0.2543859649122807,0.03508771929824561,0.008771929824561403,0.008771929824561403,0.14035087719298245,0.0,0.2543859649122807,0.0,0.008771929824561403,0.02631578947368421,0.0,0.0,0.03508771929824561,0.03508771929824561,0.0,0.0,0.3684210526315789,0.03508771929824561,0.0,0.03508771929824561,0.4473684210526316,0.0,0.0,0.008771929824561403,0.0,0.0,0.0,0.0,0.0,0.0,0.0,0.2631578947368421,0.0,0.3508771929824561,0.017543859649122806,0.02631578947368421,0.0,0.0,0.0,0.34210526315789475,0.0,0.9649122807017544,0.15789473684210525,15.0
Chile,229,0.034934497816593885,0.3231441048034934,0.0,2.0,0.16294507310628936,0.13100436681222707,0.008733624454148471,0.29694323144104806,0.5152838427947598,0.017467248908296942,0.013100436681222707,0.0,0.013100436681222707,0.004366812227074236,0.0,0.004366812227074236,0.40611353711790393,0.017467248908296942,0.0,0.013100436681222707,0.056768558951965066,0.008733624454148471,0.004366812227074236,0.013100436681222707,0.0,0.0,0.08296943231441048,0.14847161572052403,0.13100436681222707,0.017467248908296942,0.0,0.0,0.0611353711790393,0.013100436681222707,0.021834061135371178,0.0,0.004366812227074236,0.008733624454148471,0.2925764192139738,0.0,0.22707423580786026,0.4366812227074236,0.008733624454148471,0.004366812227074236,0.0,0.013100436681222707,0.004366812227074236,0.0,0.9126637554585153,0.0,17.0
China,173,4.855491329479769,6.416184971098266,0.0,184.0,1.4735929824005487,0.3468208092485549,0.023121387283236993,0.4682080924855491,0.06358381502890173,0.028901734104046242,0.0,0.011560693641618497,0.05202312138728324,0.005780346820809248,0.0,0.028901734104046242,0.15606936416184972,0.028901734104046242,0.0,0.0,0.08092485549132948,0.017341040462427744,0.005780346820809248,0.011560693641618497,0.0,0.0,0.2774566473988439,0.2658959537572254,0.005780346820809248,0.0,0.0,0.005780346820809248,0.09248554913294797,0.023121387283236993,0.0,0.0,0.0,0.011560693641618497,0.5202312138728323,0.0,0.005780346820809248,0.20809248554913296,0.23699421965317918,0.0,0.0,0.0,0.005780346820809248,0.011560693641618497,0.8786127167630058,0.09248554913294797,6.0
Colombia,2712,1.2275073746312684,1.829646017699115,0.0,119.0,0.7496911690766191,0.17772861356932154,0.07300884955752213,0.4996312684365782,0.05936578171091445,0.009587020648967551,0.0022123893805309734,0.1430678466076696,0.0018436578171091445,0.03355457227138643,0.0,0.004424778761061947,0.11467551622418878,0.006268436578171091,0.004424778761061947,0.00331858407079646,0.09955752212389381,0.014380530973451327,0.0018436578171091445,0.1187315634218289,0.006268436578171091,0.0007374631268436578,0.14343657817109146,0.237094395280236,0.008849557522123894,0.004424778761061947,0.0025811209439528023,0.004056047197640118,0.06010324483775811,0.02765486725663717,0.13716814159292035,0.0,0.0,0.0014749262536873156,0.5291297935103245,0.0,0.29572271386430676,0.05346607669616519,0.0055309734513274336,0.0003687315634218289,0.0,0.0025811209439528023,0.11172566371681415,0.0,0.9026548672566371,0.0018436578171091445,21.0
Comoros,3,0.0,0.3333333333333333,0.0,0.0,0.23104906018664842,0.3333333333333333,0.3333333333333333,0.3333333333333333,0.0,0.0,0.0,0.0,0.0,0.0,0.0,0.0,0.0,0.0,0.0,0.0,1.0,0.0,0.0,0.0,0.0,0.0,0.0,0.0,0.0,0.0,0.0,0.0,0.0,0.0,0.0,0.0,0.0,0.0,0.3333333333333333,0.0,0.3333333333333333,0.0,0.3333333333333333,0.0,0.0,0.0,0.0,0.0,0.6666666666666666,0.0,1.0
Costa Rica,3,0.3333333333333333,0.0,0.0,1.0,0.23104906018664842,0.0,0.3333333333333333,0.6666666666666666,0.0,0.0,0.0,0.0,0.0,0.0,0.0,0.0,0.0,0.0,0.0,0.0,0.3333333333333333,0.6666666666666666,0.0,0.0,0.0,0.0,0.0,0.0,0.0,0.0,0.0,0.0,0.0,0.0,0.0,0.0,0.0,0.0,0.6666666666666666,0.0,0.3333333333333333,0.0,0.0,0.0,0.0,0.0,0.0,0.0,1.0,0.0,2.0
Croatia,12,0.3333333333333333,1.1666666666666667,0.0,2.0,0.5801869553555172,0.08333333333333333,0.08333333333333333,0.8333333333333334,0.0,0.0,0.0,0.0,0.0,0.0,0.0,0.0,0.08333333333333333,0.0,0.0,0.08333333333333333,0.25,0.0,0.0,0.08333333333333333,0.0,0.0,0.0,0.3333333333333333,0.0,0.0,0.0,0.0,0.16666666666666666,0.0,0.0,0.0,0.0,0.0,0.8333333333333334,0.0,0.16666666666666666,0.0,0.0,0.0,0.0,0.0,0.0,0.0,0.9166666666666666,0.08333333333333333,2.0
Cuba,1,1.0,0.0,1.0,1.0,0.6931471805599453,0.0,0.0,0.0,0.0,1.0,0.0,0.0,0.0,0.0,0.0,1.0,0.0,0.0,0.0,0.0,0.0,0.0,0.0,0.0,0.0,0.0,0.0,0.0,0.0,0.0,0.0,0.0,0.0,0.0,0.0,0.0,0.0,0.0,0.0,0.0,1.0,0.0,0.0,0.0,0.0,0.0,0.0,0.0,0.0,0.0,
Cyprus,23,0.0,0.0,0.0,0.0,0.0,0.0,0.043478260869565216,0.5652173913043478,0.391304347826087,0.0,0.0,0.0,0.0,0.0,0.0,0.0,0.17391304347826086,0.0,0.0,0.0,0.17391304347826086,0.08695652173913043,0.0,0.0,0.0,0.0,0.043478260869565216,0.08695652173913043,0.13043478260869565,0.30434782608695654,0.0,0.0,0.0,0.0,0.0,0.0,0.0,0.0,0.6086956521739131,0.0,0.0,0.391304347826087,0.0,0.0,0.0,0.0,0.0,0.0,0.8260869565217391,0.0,2.0
Czech Republic,21,0.09523809523809523,1.2380952380952381,0.0,1.0,0.33994604761645353,0.0,0.047619047619047616,0.3333333333333333,0.42857142857142855,0.0,0.0,0.0,0.19047619047619047,0.0,0.0,0.0,0.19047619047619047,0.0,0.0,0.0,0.19047619047619047,0.0,0.0,0.0,0.0,0.0,0.19047619047619047,0.19047619047619047,0.047619047619047616,0.0,0.0,0.0,0.14285714285714285,0.047619047619047616,0.0,0.0,0.0,0.14285714285714285,0.3333333333333333,0.0,0.047619047619047616,0.3333333333333333,0.047619047619047616,0.0,0.0,0.09523809523809523,0.0,0.0,0.7142857142857143,0.047619047619047616,5.0
Democratic Republic of the Congo,1490,4.6832214765100675,1.3389261744966443,1.0,400.0,1.1900301722226667,0.39664429530201345,0.016778523489932886,0.020134228187919462,0.09798657718120805,0.0020134228187919465,0.011409395973154362,0.2738255033557047,0.0013422818791946308,0.17986577181208055,0.0,0.005369127516778523,0.042281879194630875,0.004697986577181208,0.0006711409395973154,0.04161073825503356,0.04429530201342282,0.011409395973154362,0.0013422818791946308,0.17919463087248322,0.025503355704697986,0.0,0.040268456375838924,0.5731543624161074,0.012080536912751677,0.0006711409395973154,0.0087248322147651,0.0013422818791946308,0.006711409395973154,0.0,0.0006711409395973154,0.0,0.0,0.0006711409395973154,0.032885906040268455,0.0,0.4704697986577181,0.1040268456375839,0.07181208053691275,0.0020134228187919465,0.0,0.0,0.3181208053691275,0.0,0.9208053691275168,0.0,63.0
Denmark,12,0.25,1.0833333333333333,0.0,1.0,0.6486020013613364,0.4166666666666667,0.08333333333333333,0.25,0.25,0.0,0.0,0.0,0.0,0.0,0.0,0.0,0.0,0.0,0.0,0.08333333333333333,0.08333333333333333,0.08333333333333333,0.0,0.0,0.0,0.0,0.25,0.25,0.16666666666666666,0.0,0.0,0.0,0.08333333333333333,0.0,0.0,0.0,0.0,0.0,0.25,0.0,0.4166666666666667,0.25,0.08333333333333333,0.0,0.0,0.0,0.0,0.0,0.9166666666666666,0.0,2.0
Djibouti,4,1.25,5.5,0.0,5.0,1.2809909948508147,0.25,0.0,0.5,0.0,0.0,0.0,0.25,0.0,0.0,0.0,0.0,0.0,0.0,0.0,0.0,0.0,0.0,0.0,0.75,0.0,0.0,0.0,0.0,0.0,0.0,0.0,0.0,0.25,0.0,0.0,0.0,0.0,0.0,0.5,0.0,0.5,0.0,0.0,0.0,0.0,0.0,0.0,0.0,1.0,0.25,2.0
Dominica,1,0.0,0.0,0.0,0.0,0.0,0.0,0.0,0.0,1.0,0.0,0.0,0.0,0.0,0.0,0.0,0.0,0.0,0.0,0.0,0.0,0.0,0.0,0.0,0.0,0.0,0.0,0.0,0.0,1.0,0.0,0.0,0.0,0.0,0.0,0.0,0.0,0.0,0.0,0.0,0.0,0.0,1.0,0.0,0.0,0.0,0.0,0.0,0.0,1.0,0.0,
Dominican Republic,2,1.0,0.5,1.0,2.0,0.6931471805599453,0.0,1.0,0.0,0.0,0.0,0.0,0.0,0.0,0.0,0.0,0.0,0.0,0.0,0.0,0.0,0.5,0.5,0.0,0.0,0.0,0.0,0.0,0.0,0.0,0.0,0.0,0.0,0.0,0.0,0.0,0.0,0.0,0.0,0.0,0.0,1.0,0.0,0.0,0.0,0.0,0.0,0.0,0.0,0.5,0.0,
East Timor,10,0.9,0.7,0.5,4.0,0.702108396428914,0.3,0.1,0.3,0.2,0.0,0.0,0.1,0.0,0.0,0.0,0.0,0.0,0.0,0.0,0.3,0.4,0.0,0.0,0.0,0.0,0.0,0.0,0.2,0.0,0.0,0.0,0.0,0.1,0.0,0.0,0.0,0.0,0.0,0.3,0.0,0.7,0.0,0.0,0.0,0.0,0.0,0.0,0.0,0.7,0.0,1.0
Ecuador,55,0.2545454545454545,1.2363636363636363,0.0,4.0,0.4462878547712862,0.12727272727272726,0.12727272727272726,0.5636363636363636,0.0,0.0,0.0,0.16363636363636364,0.0,0.01818181818181818,0.0,0.0,0.2,0.03636363636363636,0.0,0.01818181818181818,0.21818181818181817,0.14545454545454545,0.0,0.12727272727272726,0.01818181818181818,0.0,0.07272727272727272,0.12727272727272726,0.0,0.0,0.0,0.01818181818181818,0.0,0.01818181818181818,0.0,0.0,0.0,0.0,0.6545454545454545,0.0,0.2,0.01818181818181818,0.0,0.0,0.0,0.0,0.12727272727272726,0.0,0.8545454545454545,0.0,14.0
Egypt,2179,1.6135842129417164,2.057824690224874,0.0,311.0,0.884698539692655,0.2955484167049105,0.030289123451124368,0.5621844882973841,0.02065167508031207,0.005966039467645709,0.002294630564479119,0.05231757687012391,0.0004589261128958238,0.030289123451124368,0.0,0.002294630564479119,0.041762276273519965,0.015144561725562184,0.0027535566773749425,0.006424965580541533,0.036714089031665904,0.005048187241854061,0.0009178522257916476,0.27902707664066084,0.0004589261128958238,0.004130335016062414,0.28820559889857733,0.11473152822395594,0.024782010096374485,0.004130335016062414,0.0032124827902707664,0.006424965580541533,0.021110601193207894,0.09958696649839376,0.04222120238641579,0.0009178522257916476,0.0,0.0,0.6016521340064249,0.0,0.31344653510784765,0.02202845341899954,0.016062413951353834,0.0,0.0,0.0,0.046810463515374025,0.0,0.8026617714547958,0.036714089031665904,24.0
Equatorial Guinea,1,1.0,3.0,1.0,1.0,1.6094379124341003,1.0,0.0,0.0,0.0,0.0,0.0,0.0,0.0,0.0,0.0,0.0,0.0,0.0,0.0,0.0,1.0,0.0,0.0,0.0,0.0,0.0,0.0,0.0,0.0,0.0,0.0,0.0,0.0,0.0,0.0,0.0,0.0,0.0,0.0,0.0,1.0,0.0,0.0,0.0,0.0,0.0,0.0,0.0,1.0,0.0,1.0
Eritrea,14,2.857142857142857,3.0714285714285716,0.0,17.0,0.8485018463968654,0.0,0.0,0.7142857142857143,0.07142857142857142,0.0,0.0,0.07142857142857142,0.0,0.14285714285714285,0.0,0.07142857142857142,0.07142857142857142,0.0,0.0,0.0,0.14285714285714285,0.0,0.0,0.35714285714285715,0.0,0.0,0.0,0.35714285714285715,0.0,0.0,0.0,0.0,0.0,0.0,0.0,0.0,0.0,0.0,0.7142857142857143,0.0,0.07142857142857142,0.0,0.0,0.0,0.0,0.0,0.21428571428571427,0.0,1.0,0.0,4.0
Estonia,3,0.6666666666666666,0.0,1.0,1.0,0.46209812037329684,0.3333333333333333,0.3333333333333333,0.3333333333333333,0.0,0.0,0.0,0.0,0.0,0.0,0.0,0.0,0.0,0.0,0.0,0.0,0.3333333333333333,0.3333333333333333,0.0,0.0,0.0,0.0,0.0,0.3333333333333333,0.0,0.0,0.0,0.0,0.0,0.0,0.0,0.0,0.0,0.0,0.3333333333333333,0.0,0.3333333333333333,0.3333333333333333,0.0,0.0,0.0,0.0,0.0,0.0,1.0,0.0,
Ethiopia,190,11.405263157894737,4.747368421052632,2.0,766.0,1.6572550270416055,0.30526315789473685,0.03684210526315789,0.3631578947368421,0.07368421052631578,0.0,0.005263157894736842,0.15789473684210525,0.0,0.05789473684210526,0.0,0.021052631578947368,0.12105263157894737,0.031578947368421054,0.0,0.021052631578947368,0.06842105263157895,0.0,0.0,0.10526315789473684,0.015789473684210527,0.0,0.06842105263157895,0.39473684210526316,0.031578947368421054,0.0,0.0,0.015789473684210527,0.05263157894736842,0.02631578947368421,0.015789473684210527,0.010526315789473684,0.0,0.0,0.37894736842105264,0.0,0.4105263157894737,0.08421052631578947,0.015789473684210527,0.0,0.0,0.0,0.11052631578947368,0.0,0.968421052631579,0.005263157894736842,15.0
Fiji,5,1.4,3.4,0.0,7.0,0.6437751649736401,0.0,0.0,0.2,0.2,0.0,0.0,0.6,0.0,0.0,0.0,0.2,0.2,0.0,0.0,0.0,0.0,0.0,0.0,0.2,0.0,0.0,0.0,0.2,0.2,0.0,0.0,0.0,0.0,0.0,0.0,0.0,0.0,0.0,0.2,0.0,0.2,0.2,0.0,0.0,0.0,0.0,0.4,0.0,0.8,0.0,2.0
Finland,21,0.5714285714285714,1.6666666666666667,0.0,9.0,0.48498805034214215,0.23809523809523808,0.0,0.0,0.7619047619047619,0.0,0.0,0.0,0.0,0.0,0.0,0.0,0.0,0.09523809523809523,0.0,0.047619047619047616,0.0,0.0,0.0,0.0,0.0,0.0,0.0,0.6190476190476191,0.14285714285714285,0.047619047619047616,0.0,0.0,0.047619047619047616,0.0,0.0,0.0,0.0,0.0,0.0,0.0,0.14285714285714285,0.7619047619047619,0.09523809523809523,0.0,0.0,0.0,0.0,0.0,0.9523809523809523,0.047619047619047616,6.0
France,503,0.6202783300198808,2.238568588469185,0.0,93.0,0.33828362023159475,0.12922465208747516,0.009940357852882704,0.6023856858846919,0.18091451292246521,0.0019880715705765406,0.02385685884691849,0.009940357852882704,0.041749502982107355,0.0,0.0,0.003976143141153081,0.2485089463220676,0.009940357852882704,0.0,0.013916500994035786,0.10934393638170974,0.015904572564612324,0.0,0.039761431411530816,0.005964214711729622,0.0019880715705765406,0.10536779324055666,0.31809145129224653,0.08548707753479125,0.017892644135188866,0.0,0.007952286282306162,0.007952286282306162,0.0019880715705765406,0.005964214711729622,0.0,0.0,0.0,0.588469184890656,0.0,0.09940357852882704,0.1988071570576541,0.09145129224652088,0.0019880715705765406,0.0,0.0019880715705765406,0.005964214711729622,0.011928429423459244,0.882703777335984,0.019880715705765408,53.0
Gabon,5,0.4,0.4,0.0,2.0,0.4394449154672439,0.0,0.2,0.0,0.2,0.0,0.6,0.0,0.0,0.0,0.0,0.0,0.0,0.0,0.0,0.0,0.0,0.4,0.0,0.0,0.0,0.0,0.0,0.2,0.0,0.4,0.0,0.0,0.0,0.0,0.0,0.0,0.0,0.0,0.4,0.0,0.2,0.2,0.2,0.0,0.0,0.0,0.0,0.0,0.8,0.0,1.0
Gambia,1,0.0,2.0,0.0,0.0,1.0986122886681098,0.0,0.0,0.0,1.0,0.0,0.0,0.0,0.0,0.0,0.0,0.0,0.0,0.0,0.0,0.0,0.0,1.0,0.0,0.0,0.0,0.0,0.0,0.0,0.0,0.0,0.0,0.0,0.0,0.0,0.0,0.0,0.0,0.0,0.0,0.0,0.0,1.0,0.0,0.0,0.0,0.0,0.0,0.0,1.0,0.0,
Georgia,114,0.4473684210526316,1.5789473684210527,0.0,5.0,0.6850935539899041,0.15789473684210525,0.10526315789473684,0.5701754385964912,0.043859649122807015,0.0,0.008771929824561403,0.10526315789473684,0.008771929824561403,0.0,0.0,0.008771929824561403,0.06140350877192982,0.02631578947368421,0.0,0.08771929824561403,0.17543859649122806,0.02631578947368421,0.0,0.05263157894736842,0.03508771929824561,0.0,0.21929824561403508,0.16666666666666666,0.0,0.008771929824561403,0.017543859649122806,0.0,0.07017543859649122,0.017543859649122806,0.02631578947368421,0.0,0.0,0.0,0.6228070175438597,0.008771929824561403,0.2719298245614035,0.008771929824561403,0.02631578947368421,0.0,0.0,0.0,0.06140350877192982,0.0,0.8421052631578947,0.0,7.0
Germany,284,0.20774647887323944,1.0246478873239437,0.0,12.0,0.3649909772311905,0.22535211267605634,0.028169014084507043,0.1267605633802817,0.545774647887324,0.0035211267605633804,0.007042253521126761,0.0035211267605633804,0.0528169014084507,0.007042253521126761,0.0,0.0,0.1056338028169014,0.0035211267605633804,0.0,0.04225352112676056,0.1056338028169014,0.007042253521126761,0.0,0.007042253521126761,0.0,0.0,0.045774647887323945,0.4964788732394366,0.09507042253521127,0.007042253521126761,0.0,0.0,0.07746478873239436,0.0,0.0035211267605633804,0.0035211267605633804,0.0,0.0035211267605633804,0.1443661971830986,0.0,0.09859154929577464,0.5845070422535211,0.10211267605633803,0.007042253521126761,0.0,0.01056338028169014,0.028169014084507043,0.02112676056338028,0.852112676056338,0.007042253521126761,43.0
Ghana,17,0.47058823529411764,1.4705882352941178,0.0,2.0,0.8884948572397362,0.29411764705882354,0.29411764705882354,0.11764705882352941,0.17647058823529413,0.0,0.0,0.11764705882352941,0.0,0.0,0.0,0.0,0.0,0.0,0.0,0.0,0.29411764705882354,0.11764705882352941,0.0,0.058823529411764705,0.058823529411764705,0.0,0.17647058823529413,0.17647058823529413,0.0,0.0,0.0,0.0,0.058823529411764705,0.0,0.058823529411764705,0.0,0.0,0.0,0.11764705882352941,0.0,0.7058823529411765,0.11764705882352941,0.0,0.0,0.0,0.058823529411764705,0.0,0.0,0.8235294117647058,0.0,2.0
Greece,659,0.02276176024279211,0.14871016691957512,0.0,3.0,0.08799856467751477,0.08801213960546282,0.025796661608497723,0.36570561456752654,0.4764795144157815,0.0,0.004552352048558422,0.0030349013657056147,0.019726858877086494,0.01669195751138088,0.0,0.0,0.2943854324734446,0.013657056145675266,0.0,0.07738998482549317,0.26403641881638845,0.03793626707132018,0.0030349013657056147,0.0015174506828528073,0.009104704097116844,0.0015174506828528073,0.11380880121396054,0.1426403641881639,0.012139605462822459,0.004552352048558422,0.0,0.0015174506828528073,0.007587253414264037,0.0,0.0,0.015174506828528073,0.0,0.0,0.36570561456752654,0.0,0.03338391502276176,0.5341426403641881,0.03186646433990895,0.0030349013657056147,0.0,0.004552352048558422,0.027314112291350532,0.0,0.8755690440060698,0.0,89.0
Guatemala,24,0.8333333333333334,0.9166666666666666,1.0,2.0,0.8098353234255412,0.25,0.625,0.0,0.041666666666666664,0.0,0.0,0.041666666666666664,0.0,0.041666666666666664,0.0,0.0,0.041666666666666664,0.0,0.0,0.0,0.375,0.2916666666666667,0.0,0.0,0.041666666666666664,0.0,0.0,0.25,0.0,0.0,0.0,0.0,0.0,0.0,0.0,0.0,0.0,0.0,0.0,0.0,0.9583333333333334,0.0,0.0,0.0,0.0,0.0,0.041666666666666664,0.0,0.75,0.0,3.0
Guinea,20,10.45,1.85,1.0,60.0,1.4011349240384408,0.4,0.2,0.05,0.15,0.0,0.0,0.05,0.0,0.15,0.0,0.0,0.0,0.0,0.0,0.05,0.1,0.15,0.0,0.05,0.0,0.0,0.0,0.55,0.1,0.0,0.0,0.0,0.0,0.0,0.0,0.0,0.0,0.0,0.05,0.0,0.7,0.0,0.0,0.05,0.0,0.0,0.2,0.0,0.85,0.0,4.0
Guinea-Bissau,9,1.8888888888888888,3.0,1.0,11.0,1.3354520156479819,0.5555555555555556,0.3333333333333333,0.1111111111111111,0.0,0.0,0.0,0.0,0.0,0.0,0.0,0.0,0.0,0.0,0.0,0.2222222222222222,0.3333333333333333,0.0,0.0,0.2222222222222222,0.0,0.0,0.0,0.2222222222222222,0.0,0.0,0.0,0.0,0.0,0.0,0.0,0.0,0.0,0.0,0.1111111111111111,0.0,0.8888888888888888,0.0,0.0,0.0,0.0,0.0,0.0,0.0,0.8888888888888888,0.0,
Guyana,16,2.0625,1.125,0.0,12.0,0.7303247928694176,0.375,0.125,0.0,0.4375,0.0,0.0,0.0625,0.0,0.0,0.0,0.0,0.0,0.0,0.0,0.1875,0.25,0.1875,0.0,0.0,0.0625,0.0,0.1875,0.125,0.0,0.0,0.0,0.0,0.0,0.0,0.0,0.0,0.0,0.0,0.0625,0.0,0.5,0.4375,0.0,0.0,0.0,0.0,0.0,0.0,0.9375,0.0,1.0
Haiti,39,0.7948717948717948,1.564102564102564,0.0,7.0,0.7398212050931753,0.28205128205128205,0.2564102564102564,0.28205128205128205,0.1794871794871795,0.0,0.0,0.0,0.0,0.0,0.0,0.0,0.02564102564102564,0.02564102564102564,0.0,0.05128205128205128,0.3333333333333333,0.15384615384615385,0.0,0.02564102564102564,0.0,0.0,0.15384615384615385,0.23076923076923078,0.0,0.0,0.0,0.0,0.0,0.0,0.0,0.0,0.0,0.0,0.28205128205128205,0.0,0.5641025641025641,0.15384615384615385,0.0,0.0,0.0,0.0,0.0,0.0,0.8717948717948718,0.0,5.0
Honduras,23,2.0434782608695654,0.7391304347826086,1.0,28.0,0.691219621399208,0.17391304347826086,0.43478260869565216,0.30434782608695654,0.0,0.0,0.0,0.08695652173913043,0.0,0.0,0.0,0.0,0.0,0.0,0.0,0.0,0.34782608695652173,0.34782608695652173,0.0,0.0,0.0,0.0,0.0,0.17391304347826086,0.043478260869565216,0.0,0.0,0.0,0.043478260869565216,0.0,0.043478260869565216,0.0,0.0,0.0,0.391304347826087,0.0,0.6086956521739131,0.0,0.0,0.0,0.0,0.0,0.0,0.0,0.8260869565217391,0.0,1.0
Hong Kong,5,0.0,12.8,0.0,0.0,1.613931061377233,0.2,0.0,0.6,0.0,0.0,0.0,0.0,0.2,0.0,0.0,0.0,0.0,0.0,0.0,0.0,0.2,0.2,0.0,0.0,0.0,0.0,0.0,0.4,0.0,0.2,0.0,0.0,0.0,0.0,0.0,0.0,0.0,0.2,0.6,0.0,0.0,0.2,0.0,0.0,0.0,0.0,0.0,0.0,1.0,0.0,
Hungary,8,0.375,0.375,0.0,2.0,0.41197960825054114,0.125,0.0,0.5,0.375,0.0,0.0,0.0,0.0,0.0,0.0,0.0,0.375,0.0,0.0,0.0,0.0,0.0,0.0,0.0,0.0,0.0,0.125,0.125,0.125,0.0,0.0,0.0,0.25,0.0,0.0,0.0,0.0,0.0,0.5,0.0,0.125,0.375,0.0,0.0,0.0,0.0,0.0,0.0,0.875,0.0,1.0
Iceland,2,0.0,0.0,0.0,0.0,0.0,0.0,0.0,0.5,0.5,0.0,0.0,0.0,0.0,0.0,0.0,0.0,0.0,0.0,0.0,0.0,0.5,0.0,0.0,0.0,0.0,0.0,0.0,0.0,0.5,0.0,0.0,0.0,0.0,0.0,0.0,0.0,0.0,0.0,0.5,0.0,0.0,0.5,0.0,0.0,0.0,0.0,0.0,0.0,1.0,0.0,
India,10887,1.011848994213282,1.8203361807660512,0.0,188.0,0.7027568335070841,0.25966749334068157,0.050518967576008086,0.425094148985028,0.10021126113713603,0.0029392853862404704,0.0059704234408009555,0.12096996417745935,0.014512721594562322,0.020115734362083217,0.0,0.0003674106732800588,0.09984385046385598,0.024983925783044,0.000918526683200147,0.0002755580049600441,0.13520712776706165,0.006521539450721044,0.0001837053366400294,0.08726003490401396,0.00156149536144025,0.0001837053366400294,0.20180031229907228,0.25654450261780104,0.01331863690640213,0.012400110223201984,0.012675668228162029,0.0016533480297602646,0.053458252962248556,0.06282722513089005,0.006521539450721044,0.02149352438688344,0.0,0.000918526683200147,0.4530173601543125,9.18526683200147e-05,0.3349866813630936,0.09102599430513457,0.0487737668779278,0.000918526683200147,0.0,0.0032148433912005145,0.06650133186369064,0.0005511160099200882,0.8204280334343713,0.0056948654358409114,224.0
Indonesia,638,1.457680250783699,3.24294670846395,0.0,101.0,0.8941963025294578,0.3495297805642633,0.04075235109717868,0.445141065830721,0.08307210031347963,0.0,0.006269592476489028,0.050156739811912224,0.007836990595611285,0.017241379310344827,0.0,0.009404388714733543,0.12852664576802508,0.029780564263322883,0.003134796238244514,0.02037617554858934,0.0877742946708464,0.018808777429467086,0.003134796238244514,0.09404388714733543,0.0109717868338558,0.0,0.17398119122257052,0.219435736677116,0.13479623824451412,0.0,0.004702194357366771,0.006269592476489028,0.025078369905956112,0.018808777429467086,0.009404388714733543,0.001567398119122257,0.0,0.003134796238244514,0.4670846394984326,0.0,0.34796238244514105,0.10031347962382445,0.050156739811912224,0.003134796238244514,0.0,0.0,0.02821316614420063,0.0,0.8401253918495298,0.03918495297805643,28.0
International,1,1.0,12.0,1.0,1.0,2.6390573296152584,0.0,0.0,1.0,0.0,0.0,0.0,0.0,0.0,0.0,0.0,0.0,0.0,0.0,0.0,0.0,0.0,0.0,1.0,0.0,0.0,0.0,0.0,0.0,0.0,0.0,0.0,0.0,0.0,0.0,0.0,0.0,0.0,0.0,1.0,0.0,0.0,0.0,0.0,0.0,0.0,0.0,0.0,0.0,1.0,1.0,1.0
Iran,182,3.340659340659341,7.186813186813187,1.0,40.0,1.3190581764049245,0.32967032967032966,0.054945054945054944,0.45054945054945056,0.016483516483516484,0.005494505494505495,0.01098901098901099,0.06593406593406594,0.0,0.06593406593406594,0.0,0.016483516483516484,0.038461538461538464,0.027472527472527472,0.0,0.016483516483516484,0.11538461538461539,0.0,0.0,0.24725274725274726,0.005494505494505495,0.0,0.24175824175824176,0.12637362637362637,0.08791208791208792,0.0,0.0,0.01098901098901099,0.01098901098901099,0.02197802197802198,0.03296703296703297,0.0,0.0,0.005494505494505495,0.4725274725274725,0.0,0.3901098901098901,0.027472527472527472,0.01098901098901099,0.0,0.0,0.0,0.09340659340659341,0.0,0.9340659340659341,0.07142857142857142,22.0
Iraq,27360,2.9604166666666667,5.049780701754386,1.0,1700.0,1.4637899310589548,0.13092105263157894,0.0527046783625731,0.7282894736842105,0.00804093567251462,0.000402046783625731,0.0011330409356725146,0.03925438596491228,0.0003654970760233918,0.03888888888888889,0.0,0.0014619883040935672,0.08391812865497077,0.010782163742690058,0.0011695906432748538,0.004641812865497076,0.08527046783625732,0.007346491228070176,0.00010964912280701755,0.1468201754385965,0.0010233918128654971,0.0031432748538011697,0.14605263157894738,0.35734649122807016,0.025219298245614034,0.0008406432748538011,0.03534356725146199,0.0004385964912280702,0.018055555555555554,0.053033625730994155,0.0152046783625731,0.002777777777777778,0.0,0.0018640350877192982,0.7547514619883041,0.0,0.17448830409356725,0.006761695906432748,0.0033260233918128656,0.0003654970760233918,0.0,0.00029239766081871346,0.05800438596491228,0.00014619883040935673,0.8848318713450293,0.0989766081871345,90.0
Ireland,194,0.020618556701030927,0.0979381443298969,0.0,1.0,0.06282972771972802,0.061855670103092786,0.010309278350515464,0.7577319587628866,0.15463917525773196,0.0,0.0,0.0,0.015463917525773196,0.0,0.0,0.0,0.04639175257731959,0.010309278350515464,0.0,0.0,0.030927835051546393,0.005154639175257732,0.0,0.0,0.0,0.0,0.05154639175257732,0.4742268041237113,0.005154639175257732,0.015463917525773196,0.005154639175257732,0.0,0.015463917525773196,0.3402061855670103,0.0,0.0,0.0,0.0,0.7577319587628866,0.0,0.03608247422680412,0.18556701030927836,0.015463917525773196,0.0,0.0,0.0,0.0,0.005154639175257732,0.29381443298969073,0.0,7.0
Israel,1318,0.7397572078907435,3.5371775417298936,0.0,31.0,0.6582743158856532,0.13050075872534142,0.0015174506828528073,0.8103186646433991,0.03945371775417299,0.0007587253414264037,0.0,0.0037936267071320183,0.011380880121396054,0.002276176024279211,0.0,0.0015174506828528073,0.0629742033383915,0.021244309559939303,0.0015174506828528073,0.002276176024279211,0.012139605462822459,0.0015174506828528073,0.0015174506828528073,0.14036418816388468,0.0,0.0,0.01669195751138088,0.5644916540212443,0.015933232169954476,0.0,0.0,0.0007587253414264037,0.03566009104704097,0.11380880121396054,0.007587253414264037,0.0,0.0007587253414264037,0.0015174506828528073,0.8209408194233687,0.0,0.06600910470409711,0.04628224582701062,0.05538694992412747,0.0,0.0,0.0,0.0030349013657056147,0.006069802731411229,0.7701062215477997,0.08118361153262518,46.0
Italy,161,0.037267080745341616,0.7701863354037267,0.0,2.0,0.27631967106669647,0.09316770186335403,0.055900621118012424,0.6832298136645962,0.11180124223602485,0.006211180124223602,0.0,0.006211180124223602,0.043478260869565216,0.0,0.0,0.012422360248447204,0.13043478260869565,0.031055900621118012,0.0,0.055900621118012424,0.21739130434782608,0.062111801242236024,0.0,0.031055900621118012,0.0,0.0,0.09316770186335403,0.18633540372670807,0.08695652173913043,0.006211180124223602,0.0,0.012422360248447204,0.043478260869565216,0.018633540372670808,0.0,0.012422360248447204,0.0,0.006211180124223602,0.7142857142857143,0.0,0.07453416149068323,0.13664596273291926,0.055900621118012424,0.012422360248447204,0.0,0.0,0.0,0.0,0.6708074534161491,0.006211180124223602,30.0
Ivory Coast,66,3.5606060606060606,2.4696969696969697,1.0,41.0,1.1733086565961715,0.6666666666666666,0.030303030303030304,0.06060606060606061,0.07575757575757576,0.0,0.015151515151515152,0.030303030303030304,0.0,0.12121212121212122,0.0,0.0,0.06060606060606061,0.0,0.0,0.06060606060606061,0.15151515151515152,0.030303030303030304,0.0,0.4090909090909091,0.0,0.0,0.10606060606060606,0.12121212121212122,0.0,0.0,0.0,0.0,0.015151515151515152,0.0,0.030303030303030304,0.015151515151515152,0.0,0.0,0.09090909090909091,0.0,0.7121212121212122,0.045454545454545456,0.015151515151515152,0.0,0.0,0.0,0.13636363636363635,0.0,0.8333333333333334,0.0,4.0
Jamaica,4,0.0,0.5,0.0,0.0,0.34657359027997264,0.5,0.0,0.0,0.5,0.0,0.0,0.0,0.0,0.0,0.0,0.0,0.0,0.0,0.0,0.0,0.5,0.0,0.0,0.0,0.0,0.0,0.0,0.0,0.5,0.0,0.0,0.0,0.0,0.0,0.0,0.0,0.0,0.0,0.0,0.0,0.5,0.5,0.0,0.0,0.0,0.0,0.0,0.0,0.75,0.0,
Japan,44,0.4318181818181818,0.8181818181818182,0.0,19.0,0.16191996051121418,0.045454545454545456,0.0,0.4318181818181818,0.25,0.0,0.022727272727272728,0.0,0.25,0.0,0.0,0.0,0.1590909090909091,0.0,0.0,0.045454545454545456,0.2727272727272727,0.022727272727272728,0.0,0.13636363636363635,0.0,0.0,0.045454545454545456,0.09090909090909091,0.045454545454545456,0.0,0.0,0.0,0.1590909090909091,0.0,0.022727272727272728,0.0,0.0,0.022727272727272728,0.4090909090909091,0.0,0.045454545454545456,0.2727272727272727,0.022727272727272728,0.0,0.22727272727272727,0.0,0.0,0.0,0.7045454545454546,0.0,9.0
Jordan,48,2.5625,4.854166666666667,1.0,21.0,1.1789364086553273,0.3333333333333333,0.10416666666666667,0.3333333333333333,0.20833333333333334,0.0,0.020833333333333332,0.0,0.0,0.0,0.0,0.0,0.08333333333333333,0.020833333333333332,0.0,0.08333333333333333,0.25,0.020833333333333332,0.0,0.10416666666666667,0.0,0.0,0.125,0.08333333333333333,0.0,0.0,0.020833333333333332,0.10416666666666667,0.0,0.020833333333333332,0.08333333333333333,0.0,0.0,0.0,0.375,0.0,0.5208333333333334,0.0625,0.041666666666666664,0.0,0.0,0.0,0.0,0.0,0.8541666666666666,0.10416666666666667,9.0
Kazakhstan,23,1.2173913043478262,0.9130434782608695,0.0,8.0,0.8342915999758311,0.30434782608695654,0.043478260869565216,0.30434782608695654,0.2608695652173913,0.043478260869565216,0.0,0.0,0.043478260869565216,0.0,0.0,0.0,0.08695652173913043,0.08695652173913043,0.0,0.043478260869565216,0.21739130434782608,0.08695652173913043,0.0,0.043478260869565216,0.0,0.0,0.21739130434782608,0.13043478260869565,0.0,0.0,0.0,0.0,0.043478260869565216,0.043478260869565216,0.0,0.0,0.0,0.0,0.30434782608695654,0.0,0.391304347826087,0.21739130434782608,0.043478260869565216,0.0,0.0,0.043478260869565216,0.0,0.0,0.8260869565217391,0.08695652173913043,6.0
Kenya,772,2.1528497409326426,2.8639896373056994,0.0,152.0,1.0751915498393625,0.34974093264248707,0.034974093264248704,0.4067357512953368,0.046632124352331605,0.023316062176165803,0.022020725388601035,0.08549222797927461,0.006476683937823834,0.02461139896373057,0.0,0.0038860103626943004,0.11269430051813471,0.02072538860103627,0.0025906735751295338,0.010362694300518135,0.06606217616580311,0.0012953367875647669,0.0012953367875647669,0.10621761658031088,0.018134715025906734,0.0038860103626943004,0.2772020725388601,0.21632124352331605,0.05958549222797927,0.03238341968911917,0.0012953367875647669,0.0025906735751295338,0.03626943005181347,0.022020725388601035,0.0051813471502590676,0.0,0.0038860103626943004,0.0,0.48575129533678757,0.0,0.38341968911917096,0.03238341968911917,0.02461139896373057,0.0012953367875647669,0.0,0.0012953367875647669,0.06735751295336788,0.0,0.8937823834196891,0.007772020725388601,16.0
Kosovo,162,0.3765432098765432,1.3518518518518519,0.0,10.0,0.5695151633871458,0.24074074074074073,0.07407407407407407,0.5679012345679012,0.07407407407407407,0.0,0.0,0.012345679012345678,0.024691358024691357,0.006172839506172839,0.0,0.0,0.07407407407407407,0.012345679012345678,0.0,0.1111111111111111,0.14814814814814814,0.043209876543209874,0.0,0.08024691358024691,0.0,0.0,0.06172839506172839,0.41358024691358025,0.037037037037037035,0.0,0.0,0.0,0.012345679012345678,0.006172839506172839,0.0,0.0,0.0,0.0,0.6049382716049383,0.0,0.29012345679012347,0.05555555555555555,0.030864197530864196,0.006172839506172839,0.0,0.0,0.012345679012345678,0.0,0.8580246913580247,0.0,10.0
Kuwait,12,3.1666666666666665,20.583333333333332,1.0,28.0,1.3380211907678323,0.25,0.08333333333333333,0.5,0.0,0.0,0.0,0.0,0.16666666666666666,0.0,0.0,0.0,0.16666666666666666,0.0,0.0,0.0,0.0,0.16666666666666666,0.0,0.25,0.0,0.0,0.08333333333333333,0.16666666666666666,0.08333333333333333,0.0,0.0,0.0,0.0,0.08333333333333333,0.0,0.0,0.0,0.0,0.5,0.0,0.3333333333333333,0.0,0.0,0.0,0.0,0.0,0.0,0.16666666666666666,0.8333333333333334,0.16666666666666666,5.0
Kyrgyzstan,31,0.3225806451612903,0.6451612903225806,0.0,2.0,0.5231862328616698,0.16129032258064516,0.12903225806451613,0.3548387096774194,0.1935483870967742,0.0,0.0,0.06451612903225806,0.06451612903225806,0.03225806451612903,0.0,0.0,0.0967741935483871,0.03225806451612903,0.0,0.0967741935483871,0.12903225806451613,0.16129032258064516,0.0,0.03225806451612903,0.03225806451612903,0.0,0.0967741935483871,0.0967741935483871,0.06451612903225806,0.03225806451612903,0.0,0.06451612903225806,0.0,0.06451612903225806,0.0,0.0,0.0,0.0,0.3870967741935484,0.0,0.1935483870967742,0.16129032258064516,0.16129032258064516,0.0,0.0,0.0,0.0967741935483871,0.0,0.7419354838709677,0.03225806451612903,6.0
Laos,19,0.7894736842105263,3.736842105263158,0.0,10.0,1.2981695792422232,0.3157894736842105,0.0,0.6842105263157895,0.0,0.0,0.0,0.0,0.0,0.0,0.0,0.10526315789473684,0.15789473684210525,0.0,0.0,0.0,0.05263157894736842,0.0,0.05263157894736842,0.0,0.0,0.0,0.05263157894736842,0.2631578947368421,0.0,0.0,0.0,0.10526315789473684,0.15789473684210525,0.05263157894736842,0.0,0.0,0.0,0.0,0.6842105263157895,0.0,0.3157894736842105,0.0,0.0,0.0,0.0,0.0,0.0,0.0,0.8421052631578947,0.0,1.0
Latvia,5,0.2,7.0,0.0,1.0,0.8553332238032111,0.0,0.0,0.6,0.4,0.0,0.0,0.0,0.0,0.0,0.0,0.0,0.0,0.0,0.0,0.0,0.2,0.0,0.0,0.0,0.0,0.0,0.0,0.2,0.4,0.0,0.0,0.0,0.2,0.0,0.0,0.0,0.0,0.0,0.8,0.0,0.0,0.2,0.0,0.0,0.0,0.0,0.0,0.0,0.8,0.0,2.0
Lebanon,636,1.220125786163522,4.94496855345912,0.0,40.0,0.8770948594313976,0.23270440251572327,0.05345911949685535,0.6053459119496856,0.02358490566037736,0.0,0.0,0.06761006289308176,0.0110062893081761,0.006289308176100629,0.0,0.0015723270440251573,0.06918238993710692,0.0047169811320754715,0.0015723270440251573,0.031446540880503145,0.06918238993710692,0.012578616352201259,0.0,0.22012578616352202,0.0047169811320754715,0.0,0.029874213836477988,0.32075471698113206,0.031446540880503145,0.0047169811320754715,0.05817610062893082,0.0015723270440251573,0.0110062893081761,0.08176100628930817,0.0047169811320754715,0.040880503144654086,0.0,0.0,0.64937106918239,0.0,0.2861635220125786,0.015723270440251572,0.018867924528301886,0.0,0.0,0.0,0.029874213836477988,0.0,0.8317610062893082,0.050314465408805034,34.0
Lesotho,3,0.3333333333333333,1.0,0.0,1.0,0.6931471805599453,0.6666666666666666,0.0,0.0,0.0,0.0,0.0,0.3333333333333333,0.0,0.0,0.0,0.0,0.0,0.0,0.0,0.0,0.3333333333333333,0.0,0.0,0.6666666666666666,0.0,0.0,0.0,0.0,0.0,0.0,0.0,0.0,0.0,0.0,0.0,0.0,0.0,0.0,0.0,0.0,0.6666666666666666,0.0,0.0,0.0,0.0,0.0,0.3333333333333333,0.0,1.0,0.0,
Liberia,14,1.2857142857142858,0.5714285714285714,0.0,12.0,0.5671591260818358,0.21428571428571427,0.14285714285714285,0.0,0.21428571428571427,0.0,0.07142857142857142,0.2857142857142857,0.0,0.07142857142857142,0.0,0.0,0.07142857142857142,0.0,0.0,0.07142857142857142,0.14285714285714285,0.14285714285714285,0.0,0.0,0.14285714285714285,0.0,0.0,0.35714285714285715,0.07142857142857142,0.0,0.0,0.0,0.0,0.0,0.0,0.0,0.0,0.0,0.0,0.0,0.42857142857142855,0.2857142857142857,0.07142857142857142,0.07142857142857142,0.0,0.0,0.14285714285714285,0.0,0.8571428571428571,0.0,2.0
Libya,2491,1.1710156563629064,1.541549578482537,0.0,141.0,0.6569851370277756,0.18265756724207147,0.08309915696507426,0.42352468887996786,0.044961862705740666,0.00923323966278603,0.00602167804094741,0.1934965877157768,0.0028101164191087916,0.0541951023685267,0.0,0.018867924528301886,0.08751505419510237,0.017262143717382578,0.004415897230028101,0.025692492974708953,0.11120032115616219,0.030509835407466882,0.0036130068245684463,0.23404255319148937,0.008028904054596548,0.0024086712163789645,0.07788036932958652,0.24729024488157367,0.03091128061019671,0.0004014452027298274,0.04616619831393015,0.0004014452027298274,0.0024086712163789645,0.03331995182657567,0.01686069851465275,0.0008028904054596548,0.0,0.0,0.4592533119229225,0.0,0.3432356483340024,0.01645925331192292,0.014853472501003613,0.0016057808109193096,0.0,0.002007226013649137,0.16178241670012045,0.0008028904054596548,0.8819751103974307,0.05018065034122842,79.0
Lithuania,2,0.0,0.0,0.0,0.0,0.0,0.0,0.0,0.5,0.5,0.0,0.0,0.0,0.0,0.0,0.0,0.0,0.5,0.0,0.0,0.0,0.0,0.0,0.0,0.0,0.0,0.0,0.0,0.5,0.0,0.0,0.0,0.0,0.0,0.0,0.0,0.0,0.0,0.0,0.5,0.0,0.0,0.5,0.0,0.0,0.0,0.0,0.0,0.0,0.5,0.0,2.0
Macedonia,106,0.4528301886792453,0.5094339622641509,0.0,11.0,0.382849884248848,0.330188679245283,0.0,0.36792452830188677,0.1509433962264151,0.0,0.018867924528301886,0.08490566037735849,0.009433962264150943,0.03773584905660377,0.0,0.0,0.09433962264150944,0.009433962264150943,0.0,0.02830188679245283,0.1320754716981132,0.0,0.0,0.08490566037735849,0.0,0.0,0.36792452830188677,0.19811320754716982,0.02830188679245283,0.0,0.0,0.009433962264150943,0.03773584905660377,0.0,0.009433962264150943,0.0,0.0,0.0,0.39622641509433965,0.0,0.41509433962264153,0.0660377358490566,0.009433962264150943,0.009433962264150943,0.0,0.0,0.10377358490566038,0.0,0.9056603773584906,0.0,6.0
Madagascar,13,0.46153846153846156,9.615384615384615,0.0,3.0,0.8104070079119248,0.15384615384615385,0.07692307692307693,0.6923076923076923,0.07692307692307693,0.0,0.0,0.0,0.0,0.0,0.0,0.07692307692307693,0.15384615384615385,0.0,0.0,0.0,0.46153846153846156,0.0,0.0,0.07692307692307693,0.0,0.0,0.0,0.07692307692307693,0.0,0.07692307692307693,0.0,0.0,0.07692307692307693,0.0,0.0,0.0,0.0,0.0,0.7692307692307693,0.0,0.15384615384615385,0.07692307692307693,0.0,0.0,0.0,0.0,0.0,0.0,0.9230769230769231,0.0,2.0
Malawi,9,0.1111111111111111,0.1111111111111111,0.0,1.0,0.15403270679109896,0.5555555555555556,0.1111111111111111,0.0,0.3333333333333333,0.0,0.0,0.0,0.0,0.0,0.0,0.0,0.0,0.0,0.0,0.0,0.1111111111111111,0.1111111111111111,0.0,0.0,0.6666666666666666,0.0,0.0,0.0,0.1111111111111111,0.0,0.0,0.0,0.0,0.0,0.0,0.0,0.0,0.0,0.0,0.0,0.3333333333333333,0.5555555555555556,0.1111111111111111,0.0,0.0,0.0,0.0,0.0,0.7777777777777778,0.0,1.0
Malaysia,72,0.3055555555555556,0.3194444444444444,0.0,4.0,0.306226484703799,0.1527777777777778,0.027777777777777776,0.18055555555555555,0.20833333333333334,0.013888888888888888,0.013888888888888888,0.375,0.013888888888888888,0.013888888888888888,0.0,0.0,0.125,0.013888888888888888,0.0,0.0,0.09722222222222222,0.013888888888888888,0.19444444444444445,0.013888888888888888,0.013888888888888888,0.0,0.08333333333333333,0.2916666666666667,0.08333333333333333,0.0,0.0,0.027777777777777776,0.013888888888888888,0.027777777777777776,0.0,0.0,0.0,0.0,0.20833333333333334,0.0,0.4583333333333333,0.20833333333333334,0.08333333333333333,0.0,0.0,0.0,0.041666666666666664,0.0,0.8194444444444444,0.0,4.0
Maldives,28,0.10714285714285714,0.9285714285714286,0.0,1.0,0.4279045647446068,0.14285714285714285,0.17857142857142858,0.07142857142857142,0.42857142857142855,0.0,0.03571428571428571,0.07142857142857142,0.03571428571428571,0.03571428571428571,0.0,0.0,0.03571428571428571,0.0,0.0,0.0,0.2857142857142857,0.21428571428571427,0.0,0.0,0.0,0.0,0.03571428571428571,0.35714285714285715,0.0,0.0,0.0,0.03571428571428571,0.0,0.0,0.03571428571428571,0.0,0.0,0.0,0.10714285714285714,0.0,0.0,0.4642857142857143,0.32142857142857145,0.03571428571428571,0.0,0.0,0.07142857142857142,0.0,0.8571428571428571,0.0,2.0
Mali,976,3.2950819672131146,2.11577868852459,1.0,82.0,1.2269818010505937,0.33094262295081966,0.027663934426229508,0.3350409836065574,0.04815573770491803,0.012295081967213115,0.010245901639344262,0.1290983606557377,0.0010245901639344263,0.10553278688524591,0.0,0.005122950819672131,0.014344262295081968,0.00819672131147541,0.0010245901639344263,0.1721311475409836,0.09118852459016394,0.006147540983606557,0.0010245901639344263,0.3452868852459016,0.017418032786885244,0.0020491803278688526,0.017418032786885244,0.24692622950819673,0.01331967213114754,0.0010245901639344263,0.02151639344262295,0.0030737704918032786,0.020491803278688523,0.006147540983606557,0.0020491803278688526,0.004098360655737705,0.0,0.0,0.3514344262295082,0.0,0.44979508196721313,0.02459016393442623,0.00819672131147541,0.0020491803278688526,0.0,0.0030737704918032786,0.16086065573770492,0.0,0.9344262295081968,0.04610655737704918,29.0
Malta,5,0.2,0.0,0.0,1.0,0.13862943611198905,0.0,0.2,0.4,0.4,0.0,0.0,0.0,0.0,0.0,0.0,0.0,0.2,0.0,0.0,0.0,0.0,0.2,0.0,0.0,0.0,0.0,0.2,0.2,0.2,0.0,0.0,0.0,0.0,0.0,0.0,0.0,0.0,0.0,0.6,0.0,0.0,0.4,0.0,0.0,0.0,0.0,0.0,0.0,1.0,0.0,
Mauritania,14,2.7857142857142856,2.142857142857143,0.0,23.0,0.9599439876539921,0.35714285714285715,0.07142857142857142,0.21428571428571427,0.0,0.0,0.0,0.35714285714285715,0.0,0.0,0.0,0.0,0.0,0.07142857142857142,0.0,0.14285714285714285,0.07142857142857142,0.0,0.0,0.35714285714285715,0.07142857142857142,0.0,0.14285714285714285,0.07142857142857142,0.0,0.0,0.0,0.0,0.0,0.07142857142857142,0.0,0.0,0.0,0.0,0.2857142857142857,0.0,0.5714285714285714,0.0,0.07142857142857142,0.0,0.0,0.0,0.07142857142857142,0.0,0.7857142857142857,0.21428571428571427,3.0
Mexico,196,1.2448979591836735,1.75,1.0,37.0,0.7777299554969157,0.19387755102040816,0.4336734693877551,0.20918367346938777,0.03571428571428571,0.0,0.00510204081632653,0.10204081632653061,0.01020408163265306,0.01020408163265306,0.0,0.0,0.09183673469387756,0.015306122448979591,0.0,0.02040816326530612,0.14285714285714285,0.413265306122449,0.0,0.01020408163265306,0.02040816326530612,0.0,0.0663265306122449,0.11224489795918367,0.030612244897959183,0.0,0.0,0.0,0.04591836734693878,0.015306122448979591,0.01020408163265306,0.00510204081632653,0.0,0.0,0.21428571428571427,0.00510204081632653,0.6071428571428571,0.04081632653061224,0.08163265306122448,0.0,0.0,0.00510204081632653,0.04081632653061224,0.00510204081632653,0.8673469387755102,0.00510204081632653,20.0
Moldova,5,0.4,9.8,0.0,2.0,1.2507657623150945,0.0,0.2,0.8,0.0,0.0,0.0,0.0,0.0,0.0,0.0,0.0,0.0,0.0,0.0,0.0,0.4,0.0,0.0,0.0,0.0,0.0,0.0,0.4,0.0,0.0,0.0,0.0,0.2,0.0,0.0,0.0,0.0,0.0,1.0,0.0,0.0,0.0,0.0,0.0,0.0,0.0,0.0,0.0,0.4,0.0,
Montenegro,8,0.25,0.125,0.0,1.0,0.25993019270997947,0.0,0.125,0.75,0.125,0.0,0.0,0.0,0.0,0.0,0.0,0.0,0.0,0.0,0.0,0.125,0.0,0.625,0.0,0.0,0.0,0.0,0.0,0.125,0.125,0.0,0.0,0.0,0.0,0.0,0.0,0.0,0.0,0.0,0.75,0.0,0.125,0.0,0.0,0.0,0.0,0.0,0.125,0.0,0.875,0.125,
Morocco,14,5.5,10.714285714285714,4.0,19.0,2.2396393767592118,0.0,0.0,0.8571428571428571,0.0,0.0,0.0,0.14285714285714285,0.0,0.0,0.0,0.0,0.42857142857142855,0.07142857142857142,0.0,0.0,0.0,0.0,0.0,0.0,0.0,0.0,0.14285714285714285,0.21428571428571427,0.0,0.0,0.0,0.14285714285714285,0.0,0.0,0.0,0.0,0.0,0.0,0.8571428571428571,0.0,0.0,0.0,0.14285714285714285,0.0,0.0,0.0,0.0,0.0,1.0,0.7857142857142857,3.0
Mozambique,565,2.3805309734513274,0.8778761061946903,1.0,97.0,0.9274698046495929,0.36460176991150445,0.035398230088495575,0.0017699115044247787,0.20707964601769913,0.0017699115044247787,0.012389380530973451,0.2336283185840708,0.005309734513274336,0.13805309734513274,0.0,0.0,0.05663716814159292,0.005309734513274336,0.007079646017699115,0.0035398230088495575,0.04601769911504425,0.01415929203539823,0.007079646017699115,0.06725663716814159,0.0017699115044247787,0.0,0.047787610619469026,0.6460176991150443,0.005309734513274336,0.0,0.0,0.0017699115044247787,0.05309734513274336,0.0,0.007079646017699115,0.03008849557522124,0.0,0.0,0.010619469026548672,0.0,0.4761061946902655,0.2247787610619469,0.06548672566371681,0.0,0.0,0.0017699115044247787,0.22123893805309736,0.0,0.9309734513274336,0.0,7.0
Myanmar,551,1.2577132486388385,1.8166969147005445,0.0,45.0,0.7704582211712045,0.16333938294010888,0.039927404718693285,0.5372050816696915,0.06533575317604355,0.0018148820326678765,0.0,0.132486388384755,0.0018148820326678765,0.05807622504537205,0.0,0.0,0.08711433756805807,0.007259528130671506,0.0,0.003629764065335753,0.09618874773139746,0.009074410163339383,0.003629764065335753,0.16878402903811252,0.007259528130671506,0.0054446460980036296,0.1705989110707804,0.26860254083484575,0.029038112522686024,0.0054446460980036296,0.012704174228675136,0.0054446460980036296,0.05263157894736842,0.04900181488203267,0.018148820326678767,0.0,0.0,0.0,0.5644283121597096,0.0,0.20508166969147004,0.05807622504537205,0.045372050816696916,0.0018148820326678765,0.0,0.0,0.12522686025408347,0.0,0.9165154264972777,0.0018148820326678765,25.0
Namibia,27,0.9259259259259259,3.4814814814814814,0.0,5.0,1.119263672324807,0.3333333333333333,0.037037037037037035,0.2222222222222222,0.07407407407407407,0.0,0.0,0.3333333333333333,0.0,0.0,0.0,0.0,0.07407407407407407,0.037037037037037035,0.0,0.0,0.0,0.0,0.0,0.0,0.037037037037037035,0.0,0.0,0.7777777777777778,0.0,0.0,0.0,0.037037037037037035,0.0,0.0,0.037037037037037035,0.0,0.0,0.0,0.2222222222222222,0.0,0.5185185185185185,0.037037037037037035,0.037037037037037035,0.0,0.0,0.0,0.18518518518518517,0.0,1.0,0.0,1.0
Nepal,1508,1.2692307692307692,1.3919098143236075,0.0,518.0,0.4977559102153756,0.1240053050397878,0.07228116710875332,0.5278514588859416,0.16578249336870027,0.0,0.001326259946949602,0.07824933687002653,0.005305039787798408,0.025198938992042442,0.0,0.007294429708222812,0.08554376657824933,0.04310344827586207,0.001989389920424403,0.004641909814323607,0.23010610079575597,0.013925729442970823,0.0,0.017241379310344827,0.005968169761273209,0.0,0.0643236074270557,0.16644562334217505,0.015915119363395226,0.0636604774535809,0.0033156498673740055,0.001326259946949602,0.054376657824933686,0.11074270557029178,0.003978779840848806,0.10610079575596817,0.0,0.001326259946949602,0.5729442970822282,0.0,0.13992042440318303,0.1783819628647215,0.015915119363395226,0.000663129973474801,0.0,0.001326259946949602,0.08952254641909814,0.0,0.7506631299734748,0.0,65.0
Netherlands,71,0.19718309859154928,0.5211267605633803,0.0,7.0,0.2197981513496529,0.1267605633802817,0.056338028169014086,0.19718309859154928,0.6197183098591549,0.0,0.0,0.0,0.0,0.0,0.0,0.014084507042253521,0.1267605633802817,0.0,0.0,0.04225352112676056,0.11267605633802817,0.028169014084507043,0.0,0.0,0.028169014084507043,0.0,0.0,0.08450704225352113,0.11267605633802817,0.4225352112676056,0.0,0.014084507042253521,0.014084507042253521,0.0,0.0,0.0,0.0,0.0,0.2112676056338028,0.0,0.07042253521126761,0.6338028169014085,0.056338028169014086,0.0,0.0,0.014084507042253521,0.0,0.014084507042253521,0.8169014084507042,0.028169014084507043,11.0
New Caledonia,24,0.0,0.0,0.0,0.0,0.0,0.0,0.0,0.0,1.0,0.0,0.0,0.0,0.0,0.0,0.0,0.0,1.0,0.0,0.0,0.0,0.0,0.0,0.0,0.0,0.0,0.0,0.0,0.0,0.0,0.0,0.0,0.0,0.0,0.0,0.0,0.0,0.0,0.0,0.0,0.0,0.0,1.0,0.0,0.0,0.0,0.0,0.0,0.0,1.0,0.0,
New Zealand,24,2.125,2.0833333333333335,0.0,43.0,0.32335279288389257,0.08333333333333333,0.0,0.041666666666666664,0.6666666666666666,0.0,0.0,0.0,0.20833333333333334,0.0,0.0,0.0,0.08333333333333333,0.0,0.0,0.125,0.16666666666666666,0.0,0.0,0.0,0.0,0.0,0.0,0.041666666666666664,0.08333333333333333,0.5,0.0,0.0,0.0,0.0,0.0,0.0,0.0,0.2916666666666667,0.041666666666666664,0.0,0.08333333333333333,0.5833333333333334,0.0,0.0,0.0,0.0,0.0,0.0,0.6666666666666666,0.0,4.0
Nicaragua,16,1.0625,2.375,0.5,4.0,0.8479021015389725,0.4375,0.0625,0.1875,0.0625,0.0,0.0,0.25,0.0,0.0,0.0,0.0,0.0,0.0,0.0,0.0,0.0625,0.125,0.0,0.0,0.0,0.0,0.25,0.1875,0.0625,0.0,0.0,0.0,0.0625,0.125,0.0,0.125,0.0,0.0,0.3125,0.0,0.5,0.125,0.0,0.0,0.0,0.0,0.0625,0.0,0.9375,0.0,5.0
Niger,217,9.009216589861751,3.313364055299539,3.0,230.0,1.718736555191486,0.43317972350230416,0.027649769585253458,0.16129032258064516,0.055299539170506916,0.009216589861751152,0.004608294930875576,0.17050691244239632,0.0,0.1382488479262673,0.0,0.004608294930875576,0.03225806451612903,0.009216589861751152,0.004608294930875576,0.013824884792626729,0.018433179723502304,0.004608294930875576,0.0,0.2857142857142857,0.02304147465437788,0.0,0.1336405529953917,0.41013824884792627,0.027649769585253458,0.009216589861751152,0.0,0.004608294930875576,0.009216589861751152,0.009216589861751152,0.0,0.0,0.0,0.0,0.19815668202764977,0.0,0.48847926267281105,0.05069124423963134,0.009216589861751152,0.0,0.0,0.0,0.2534562211981567,0.0,0.9493087557603687,0.0967741935483871,9.0
Nigeria,5469,5.23861766319254,2.2300237703419272,2.0,315.0,1.3101399903797262,0.4649844578533553,0.050466264399341744,0.23514353629548362,0.058694459681843114,0.0025598829767782046,0.005302614737611995,0.13384530992868898,0.002011336624611446,0.04699213750228561,0.0,0.00036569756811117204,0.055951727921009324,0.027975863960504662,0.0,0.0032912781130005485,0.08959590418723716,0.006034009873834339,0.00457121960138965,0.10897787529712927,0.0016456390565002743,0.00036569756811117204,0.07222526970195649,0.48528067288352533,0.05430608886450905,0.006765405010056683,0.010056683123057231,0.0,0.012799414883891021,0.024136039495337356,0.027061620040226733,0.008593892850612543,0.0,0.0005485463521667581,0.28707259096727006,0.0,0.5606143719144268,0.05485463521667581,0.019381971109892118,0.0,0.0,0.0009142439202779302,0.07661364051929055,0.0,0.9155238617663193,0.08758456756262571,54.0
Norway,13,6.076923076923077,6.0,0.0,69.0,0.8854864756617888,0.46153846153846156,0.0,0.15384615384615385,0.3076923076923077,0.07692307692307693,0.0,0.0,0.0,0.0,0.0,0.07692307692307693,0.07692307692307693,0.0,0.0,0.0,0.07692307692307693,0.0,0.0,0.0,0.0,0.0,0.0,0.3076923076923077,0.3076923076923077,0.0,0.07692307692307693,0.0,0.0,0.07692307692307693,0.0,0.0,0.0,0.0,0.15384615384615385,0.07692307692307693,0.38461538461538464,0.23076923076923078,0.15384615384615385,0.0,0.0,0.0,0.0,0.0,0.8461538461538461,0.0,7.0
Pakistan,13687,1.6059034119967852,2.801125155256813,0.0,158.0,0.9004643574179374,0.26382698911375757,0.07152772704025717,0.5665960400379922,0.020822678454007454,0.0009498063856213925,0.0027032950975378095,0.058303499671220865,0.001461240593263681,0.013808723606341784,0.0,0.0021918608898955213,0.0796376123328706,0.07138160298093081,0.001680426682253233,0.005552714254401988,0.080587418718492,0.012712793161394023,0.00036531014831592024,0.14312851611017754,0.005479652224738803,0.0002922481186527362,0.1406444071016293,0.2216701979981004,0.03726163512822386,0.00452984583911741,0.025206400233798495,0.0006575582669686564,0.03923430992912983,0.05603857675166216,0.0462482647767955,0.02549864835245123,0.0001461240593263681,0.0005114342076422883,0.6060495360561117,0.0,0.3356469642726675,0.013808723606341784,0.007013954847665668,0.0001461240593263681,0.0,7.306202966318405e-05,0.03645795280192884,0.0001461240593263681,0.8648352451231095,0.04047636443340396,100.0
Panama,3,0.3333333333333333,0.0,0.0,1.0,0.23104906018664842,0.6666666666666666,0.0,0.3333333333333333,0.0,0.0,0.0,0.0,0.0,0.0,0.0,0.0,0.0,0.0,0.0,0.3333333333333333,0.0,0.0,0.0,0.0,0.0,0.0,0.3333333333333333,0.3333333333333333,0.0,0.0,0.0,0.0,0.0,0.0,0.0,0.0,0.0,0.0,0.6666666666666666,0.0,0.3333333333333333,0.0,0.0,0.0,0.0,0.0,0.0,0.0,0.6666666666666666,0.0,2.0
Papua New Guinea,10,0.0,0.3,0.0,0.0,0.1791759469228055,0.1,0.0,0.2,0.4,0.0,0.1,0.2,0.0,0.0,0.0,0.0,0.0,0.3,0.0,0.0,0.5,0.0,0.0,0.0,0.0,0.0,0.2,0.0,0.0,0.0,0.0,0.0,0.0,0.0,0.0,0.0,0.0,0.0,0.2,0.0,0.2,0.4,0.1,0.0,0.0,0.0,0.1,0.0,0.8,0.0,
Paraguay,87,0.5977011494252874,0.41379310344827586,0.0,8.0,0.4511253950620347,0.25287356321839083,0.04597701149425287,0.16091954022988506,0.19540229885057472,0.0,0.04597701149425287,0.26436781609195403,0.0,0.034482758620689655,0.0,0.0,0.3563218390804598,0.0,0.0,0.0,0.08045977011494253,0.04597701149425287,0.0,0.022988505747126436,0.0,0.0,0.1839080459770115,0.22988505747126436,0.0,0.0,0.022988505747126436,0.0,0.0,0.0,0.05747126436781609,0.0,0.0,0.0,0.1724137931034483,0.0,0.5517241379310345,0.13793103448275862,0.011494252873563218,0.0,0.0,0.0,0.12643678160919541,0.0,0.896551724137931,0.0,4.0
Peru,88,1.6477272727272727,2.0568181818181817,0.5,16.0,0.9735431886131951,0.3181818181818182,0.09090909090909091,0.2727272727272727,0.056818181818181816,0.011363636363636364,0.0,0.11363636363636363,0.0,0.13636363636363635,0.0,0.011363636363636364,0.07954545454545454,0.0,0.0,0.011363636363636364,0.09090909090909091,0.06818181818181818,0.0,0.3068181818181818,0.0,0.0,0.17045454545454544,0.09090909090909091,0.011363636363636364,0.056818181818181816,0.0,0.0,0.0,0.03409090909090909,0.06818181818181818,0.0,0.0,0.0,0.26136363636363635,0.0,0.4431818181818182,0.03409090909090909,0.03409090909090909,0.0,0.0,0.022727272727272728,0.20454545454545456,0.0,0.9090909090909091,0.0,5.0
Philippines,6283,0.8807894318000955,1.4599713512653192,0.0,116.0,0.7407451104429229,0.342989017985039,0.16234282985834791,0.3017666719719879,0.07687410472704122,0.005093108387712876,0.007798822218685341,0.0732134330733726,0.0003183192742320548,0.02960369250358109,0.0,0.001750756008276301,0.11236670380391532,0.02053159318796753,0.0020690752825083558,0.0009549578226961642,0.22234601305109025,0.014961005888906573,0.005729746936176986,0.24383256406175394,0.002864873468088493,0.0011141174598121915,0.08355880948591438,0.17650803756167435,0.013051090243514245,0.01273277096928219,0.004933948750596849,0.0019099156453923284,0.022123189559127805,0.04058570746458698,0.015915963711602737,0.0001591596371160274,0.0,0.0,0.3347127168550056,0.0,0.5506923444214548,0.05491007480502944,0.006366385484641095,0.0,0.0,0.0003183192742320548,0.053000159159637114,0.0,0.8241286009867897,0.002864873468088493,35.0
Poland,8,0.125,0.75,0.0,1.0,0.42514967270776943,0.125,0.0,0.5,0.25,0.0,0.0,0.0,0.125,0.0,0.0,0.0,0.0,0.0,0.0,0.0,0.125,0.0,0.0,0.0,0.0,0.0,0.25,0.125,0.0,0.25,0.0,0.125,0.125,0.0,0.0,0.0,0.0,0.0,0.5,0.0,0.125,0.25,0.125,0.0,0.0,0.0,0.0,0.0,0.875,0.0,4.0
Portugal,3,0.0,0.0,0.0,0.0,0.0,0.0,0.0,0.0,1.0,0.0,0.0,0.0,0.0,0.0,0.0,0.0,0.0,0.0,0.0,0.0,1.0,0.0,0.0,0.0,0.0,0.0,0.0,0.0,0.0,0.0,0.0,0.0,0.0,0.0,0.0,0.0,0.0,0.0,0.0,0.0,0.0,1.0,0.0,0.0,0.0,0.0,0.0,0.0,0.6666666666666666,0.0,1.0
Qatar,4,0.75,3.25,0.5,2.0,1.023586140555525,0.25,0.0,0.25,0.0,0.25,0.0,0.0,0.0,0.25,0.0,0.25,0.0,0.0,0.0,0.25,0.0,0.0,0.0,0.25,0.0,0.0,0.0,0.25,0.0,0.0,0.0,0.0,0.0,0.0,0.0,0.0,0.0,0.0,0.25,0.0,0.25,0.0,0.25,0.0,0.0,0.0,0.25,0.0,1.0,0.25,2.0
Republic of the Congo,21,2.9047619047619047,2.2857142857142856,2.0,14.0,1.2216836349780873,0.19047619047619047,0.0,0.6190476190476191,0.047619047619047616,0.0,0.0,0.14285714285714285,0.0,0.0,0.0,0.0,0.047619047619047616,0.0,0.0,0.0,0.19047619047619047,0.0,0.0,0.0,0.0,0.0,0.3333333333333333,0.23809523809523808,0.0,0.0,0.0,0.0,0.19047619047619047,0.0,0.0,0.0,0.0,0.0,0.6190476190476191,0.0,0.3333333333333333,0.0,0.0,0.0,0.0,0.0,0.047619047619047616,0.0,1.0,0.0,2.0
Romania,1,0.0,1.0,0.0,0.0,0.6931471805599453,1.0,0.0,0.0,0.0,0.0,0.0,0.0,0.0,0.0,0.0,0.0,1.0,0.0,0.0,0.0,0.0,0.0,0.0,0.0,0.0,0.0,0.0,0.0,0.0,0.0,0.0,0.0,0.0,0.0,0.0,0.0,0.0,0.0,0.0,0.0,0.0,1.0,0.0,0.0,0.0,0.0,0.0,0.0,1.0,0.0,
Russia,1914,1.8160919540229885,3.2951933124346917,0.0,344.0,0.9224671055202349,0.29153605015673983,0.09456635318704285,0.5329153605015674,0.03761755485893417,0.001567398119122257,0.003134796238244514,0.014629049111807733,0.01671891327063741,0.0073145245559038665,0.0,0.0020898641588296763,0.08045977011494253,0.012539184952978056,0.0005224660397074191,0.0020898641588296763,0.17136886102403343,0.015151515151515152,0.0,0.09090909090909091,0.006792058516196447,0.0005224660397074191,0.3103448275862069,0.12695924764890282,0.04963427377220481,0.005747126436781609,0.001567398119122257,0.0010449320794148381,0.06635318704284221,0.03761755485893417,0.017241379310344827,0.0010449320794148381,0.0,0.001567398119122257,0.5684430512016719,0.0005224660397074191,0.3547544409613375,0.034482758620689655,0.02246603970741902,0.0005224660397074191,0.0,0.001567398119122257,0.01567398119122257,0.0,0.8286311389759665,0.04754440961337513,48.0
Rwanda,40,2.625,8.775,1.0,30.0,2.094788432107011,0.25,0.025,0.575,0.025,0.0,0.0,0.075,0.0,0.05,0.0,0.0,0.1,0.0,0.0,0.0,0.075,0.0,0.0,0.05,0.0,0.0,0.025,0.575,0.0,0.0,0.0,0.025,0.15,0.0,0.0,0.0,0.0,0.0,0.65,0.0,0.225,0.0,0.05,0.0,0.0,0.0,0.075,0.0,0.95,0.0,4.0
Saudi Arabia,563,1.0710479573712255,2.158081705150977,0.0,31.0,0.7136619239632818,0.17939609236234458,0.012433392539964476,0.7477797513321492,0.017761989342806393,0.0017761989342806395,0.0017761989342806395,0.012433392539964476,0.0,0.02664298401420959,0.0,0.06039076376554174,0.06394316163410302,0.008880994671403197,0.0017761989342806395,0.012433392539964476,0.02664298401420959,0.0017761989342806395,0.007104795737122558,0.17761989342806395,0.0,0.0,0.19182948490230906,0.3623445825932504,0.023090586145648313,0.0,0.0,0.0017761989342806395,0.0,0.04440497335701599,0.015985790408525755,0.0,0.0,0.0,0.7708703374777975,0.0017761989342806395,0.1705150976909414,0.017761989342806393,0.008880994671403197,0.0,0.0,0.0,0.03019538188277087,0.0,0.6589698046181173,0.046181172291296625,14.0
Senegal,50,2.64,3.04,1.5,14.0,1.483625240842466,0.46,0.02,0.16,0.02,0.04,0.0,0.14,0.02,0.14,0.0,0.0,0.06,0.02,0.0,0.0,0.04,0.0,0.0,0.4,0.0,0.0,0.0,0.36,0.0,0.0,0.02,0.02,0.08,0.0,0.0,0.0,0.0,0.0,0.18,0.0,0.64,0.02,0.02,0.0,0.0,0.0,0.14,0.0,0.98,0.0,2.0
Serbia,14,0.21428571428571427,0.8571428571428571,0.0,2.0,0.5773806149133126,0.2857142857142857,0.14285714285714285,0.35714285714285715,0.07142857142857142,0.0,0.0,0.0,0.07142857142857142,0.07142857142857142,0.0,0.0,0.0,0.0,0.0,0.21428571428571427,0.07142857142857142,0.21428571428571427,0.0,0.0,0.0,0.0,0.35714285714285715,0.14285714285714285,0.0,0.0,0.0,0.0,0.0,0.0,0.0,0.0,0.0,0.0,0.42857142857142855,0.0,0.35714285714285715,0.07142857142857142,0.07142857142857142,0.0,0.0,0.0,0.07142857142857142,0.0,0.8571428571428571,0.0,2.0
Serbia-Montenegro,11,0.2727272727272727,0.45454545454545453,0.0,1.0,0.39836605769762556,0.2727272727272727,0.18181818181818182,0.45454545454545453,0.0,0.0,0.0,0.0,0.09090909090909091,0.0,0.0,0.0,0.0,0.0,0.0,0.09090909090909091,0.36363636363636365,0.0,0.0,0.09090909090909091,0.0,0.0,0.36363636363636365,0.09090909090909091,0.0,0.0,0.0,0.0,0.0,0.0,0.0,0.0,0.0,0.0,0.5454545454545454,0.0,0.36363636363636365,0.0,0.09090909090909091,0.0,0.0,0.0,0.0,0.0,0.9090909090909091,0.0,2.0
Sierra Leone,28,2.1785714285714284,1.1071428571428572,0.0,21.0,0.7728688382713803,0.39285714285714285,0.03571428571428571,0.03571428571428571,0.10714285714285714,0.0,0.03571428571428571,0.14285714285714285,0.03571428571428571,0.21428571428571427,0.0,0.0,0.0,0.0,0.0,0.39285714285714285,0.03571428571428571,0.03571428571428571,0.0,0.14285714285714285,0.03571428571428571,0.0,0.0,0.35714285714285715,0.0,0.0,0.0,0.0,0.0,0.0,0.0,0.0,0.0,0.0,0.07142857142857142,0.0,0.35714285714285715,0.17857142857142858,0.0,0.03571428571428571,0.0,0.0,0.35714285714285715,0.0,1.0,0.0,4.0
Slovak Republic,3,0.6666666666666666,1.6666666666666667,0.0,2.0,1.1337324605540517,0.3333333333333333,0.3333333333333333,0.0,0.0,0.0,0.0,0.0,0.3333333333333333,0.0,0.0,0.0,0.3333333333333333,0.0,0.0,0.0,0.0,0.3333333333333333,0.0,0.0,0.3333333333333333,0.0,0.0,0.0,0.0,0.0,0.0,0.0,0.0,0.0,0.0,0.0,0.0,0.0,0.0,0.0,0.3333333333333333,0.3333333333333333,0.3333333333333333,0.0,0.0,0.0,0.0,0.0,1.0,0.0,1.0
Slovenia,1,0.0,0.0,0.0,0.0,0.0,0.0,0.0,0.0,1.0,0.0,0.0,0.0,0.0,0.0,0.0,0.0,0.0,0.0,0.0,0.0,1.0,0.0,0.0,0.0,0.0,0.0,0.0,0.0,0.0,0.0,0.0,0.0,0.0,0.0,0.0,0.0,0.0,0.0,0.0,0.0,1.0,0.0,0.0,0.0,0.0,0.0,0.0,0.0,1.0,0.0,
Solomon Islands,3,0.6666666666666666,0.0,1.0,1.0,0.46209812037329684,0.0,0.6666666666666666,0.0,0.0,0.3333333333333333,0.0,0.0,0.0,0.0,0.0,0.3333333333333333,0.0,0.0,0.0,0.0,0.3333333333333333,0.0,0.0,0.0,0.0,0.0,0.3333333333333333,0.0,0.0,0.0,0.0,0.0,0.0,0.0,0.0,0.0,0.0,0.0,0.0,0.0,0.6666666666666666,0.0,0.0,0.0,0.0,0.0,0.3333333333333333,0.0,1.0,0.0,2.0
Somalia,5148,2.4933954933954934,2.0928515928515927,1.0,588.0,1.030914599803641,0.2789432789432789,0.12024087024087024,0.41083916083916083,0.014568764568764568,0.004856254856254856,0.0027195027195027195,0.07634032634032634,0.0017482517482517483,0.08974358974358974,0.0,0.00912975912975913,0.046425796425796424,0.006021756021756022,0.0033022533022533025,0.017094017094017096,0.16686091686091686,0.019230769230769232,0.003108003108003108,0.41996891996892,0.013986013986013986,0.0005827505827505828,0.06041181041181041,0.18045843045843046,0.008935508935508936,0.002331002331002331,0.012043512043512044,0.0,0.00777000777000777,0.020784770784770784,0.0013597513597513598,0.00019425019425019425,0.0,0.00019425019425019425,0.5027195027195027,0.0,0.331002331002331,0.009324009324009324,0.015928515928515928,0.001554001554001554,0.0,0.00019425019425019425,0.13908313908313907,0.0,0.9036519036519036,0.050699300699300696,28.0
South Africa,211,0.5876777251184834,0.6540284360189573,0.0,6.0,0.5580142100305416,0.16113744075829384,0.3981042654028436,0.16113744075829384,0.27014218009478674,0.0,0.0,0.004739336492890996,0.0,0.004739336492890996,0.0,0.009478672985781991,0.14218009478672985,0.014218009478672985,0.0,0.004739336492890996,0.3175355450236967,0.009478672985781991,0.0,0.004739336492890996,0.0,0.0,0.009478672985781991,0.3933649289099526,0.04265402843601896,0.0,0.0,0.0,0.037914691943127965,0.009478672985781991,0.004739336492890996,0.0,0.0,0.0,0.15639810426540285,0.0,0.5355450236966824,0.27488151658767773,0.009478672985781991,0.0,0.0,0.0,0.023696682464454975,0.0,0.8767772511848341,0.0,11.0
South Korea,7,0.0,9.142857142857142,0.0,0.0,0.9422543591373304,0.42857142857142855,0.14285714285714285,0.14285714285714285,0.2857142857142857,0.0,0.0,0.0,0.0,0.0,0.0,0.0,0.14285714285714285,0.0,0.0,0.42857142857142855,0.14285714285714285,0.0,0.0,0.0,0.0,0.0,0.14285714285714285,0.14285714285714285,0.0,0.0,0.0,0.0,0.0,0.0,0.0,0.0,0.0,0.0,0.14285714285714285,0.0,0.0,0.5714285714285714,0.2857142857142857,0.0,0.0,0.0,0.0,0.0,0.7142857142857143,0.0,2.0
South Sudan,323,8.8359133126935,4.405572755417957,1.0,287.0,1.3815539724322226,0.33436532507739936,0.05263157894736842,0.030959752321981424,0.04024767801857585,0.0,0.0030959752321981426,0.30959752321981426,0.0030959752321981426,0.2260061919504644,0.0,0.0,0.03715170278637771,0.006191950464396285,0.0,0.08978328173374613,0.058823529411764705,0.01238390092879257,0.0,0.23219814241486067,0.08668730650154799,0.0,0.02476780185758514,0.37770897832817335,0.01238390092879257,0.0,0.015479876160990712,0.0030959752321981426,0.03715170278637771,0.0,0.006191950464396285,0.0,0.0,0.0,0.08359133126934984,0.0,0.5603715170278638,0.034055727554179564,0.009287925696594427,0.0,0.0,0.0,0.3126934984520124,0.0,0.8668730650154799,0.0030959752321981426,16.0
Spain,427,0.6416861826697893,5.882903981264637,0.0,73.0,0.4578479786117675,0.06557377049180328,0.05152224824355972,0.6861826697892272,0.18032786885245902,0.00234192037470726,0.00234192037470726,0.00234192037470726,0.00702576112412178,0.00234192037470726,0.0,0.00936768149882904,0.2927400468384075,0.01639344262295082,0.0,0.00468384074941452,0.20843091334894615,0.04449648711943794,0.0,0.0351288056206089,0.00234192037470726,0.0,0.11241217798594848,0.10304449648711944,0.01639344262295082,0.02810304449648712,0.0,0.00936768149882904,0.08430913348946135,0.02576112412177986,0.00702576112412178,0.0,0.0,0.0,0.6604215456674473,0.0,0.04918032786885246,0.25526932084309134,0.02107728337236534,0.0,0.0,0.00234192037470726,0.00936768149882904,0.00234192037470726,0.882903981264637,0.00468384074941452,21.0
Sri Lanka,879,3.4106939704209327,6.514220705346985,1.0,103.0,1.3727421143916168,0.29692832764505117,0.0875995449374289,0.4880546075085324,0.051194539249146756,0.0011376564277588168,0.0011376564277588168,0.048919226393629126,0.0034129692832764505,0.02161547212741752,0.0,0.0034129692832764505,0.05915813424345848,0.01478953356086462,0.0034129692832764505,0.011376564277588168,0.12059158134243458,0.030716723549488054,0.009101251422070534,0.15813424345847554,0.022753128555176336,0.0,0.13083048919226395,0.25369738339021614,0.03981797497155859,0.0022753128555176336,0.02957906712172924,0.0022753128555176336,0.05915813424345848,0.015927189988623434,0.006825938566552901,0.026166097838452786,0.0,0.0,0.5005688282138794,0.0,0.3594994311717861,0.04323094425483504,0.040955631399317405,0.0011376564277588168,0.0,0.0,0.05460750853242321,0.0,0.926052332195677,0.080773606370876,15.0
St. Lucia,2,1.0,6.0,1.0,2.0,1.354025100551105,0.5,0.0,0.0,0.5,0.0,0.0,0.0,0.0,0.0,0.0,0.0,0.0,0.0,0.0,0.0,0.0,0.0,0.0,0.0,0.0,0.0,0.0,0.0,1.0,0.0,0.0,0.0,0.0,0.0,0.0,0.0,0.0,0.0,0.0,0.0,0.0,0.5,0.5,0.0,0.0,0.0,0.0,0.0,1.0,0.0,1.0
Sudan,992,3.658266129032258,2.4596774193548385,0.0,134.0,1.109139071744936,0.4526209677419355,0.019153225806451613,0.06048387096774194,0.059475806451612906,0.04233870967741935,0.010080645161290322,0.2530241935483871,0.03225806451612903,0.07056451612903226,0.0,0.005040322580645161,0.038306451612903226,0.007056451612903226,0.0020161290322580645,0.11088709677419355,0.04939516129032258,0.0030241935483870967,0.0010080645161290322,0.0715725806451613,0.019153225806451613,0.0,0.03024193548387097,0.6129032258064516,0.023185483870967742,0.0010080645161290322,0.007056451612903226,0.0010080645161290322,0.012096774193548387,0.0010080645161290322,0.004032258064516129,0.0,0.0,0.0,0.06955645161290322,0.0,0.625,0.059475806451612906,0.0655241935483871,0.0,0.0,0.0,0.18044354838709678,0.0,0.96875,0.0,30.0
Swaziland,5,0.0,0.0,0.0,0.0,0.0,0.0,0.0,0.6,0.4,0.0,0.0,0.0,0.0,0.0,0.0,0.0,0.0,0.2,0.0,0.0,0.2,0.0,0.0,0.0,0.0,0.0,0.2,0.0,0.0,0.0,0.0,0.0,0.4,0.0,0.0,0.0,0.0,0.0,0.4,0.0,0.0,0.6,0.0,0.0,0.0,0.0,0.0,0.0,1.0,0.0,3.0
Sweden,98,0.10204081632653061,0.4489795918367347,0.0,5.0,0.16322071089181178,0.15306122448979592,0.030612244897959183,0.19387755102040816,0.5918367346938775,0.01020408163265306,0.0,0.0,0.02040816326530612,0.0,0.0,0.0,0.061224489795918366,0.030612244897959183,0.0,0.02040816326530612,0.05102040816326531,0.01020408163265306,0.0,0.0,0.0,0.0,0.01020408163265306,0.6836734693877551,0.12244897959183673,0.0,0.0,0.0,0.01020408163265306,0.0,0.0,0.0,0.0,0.0,0.20408163265306123,0.0,0.030612244897959183,0.6836734693877551,0.030612244897959183,0.01020408163265306,0.0,0.0,0.02040816326530612,0.02040816326530612,0.8571428571428571,0.01020408163265306,12.0
Switzerland,20,0.75,1.25,0.0,14.0,0.408931939429535,0.25,0.0,0.55,0.15,0.0,0.05,0.0,0.0,0.0,0.0,0.05,0.25,0.0,0.0,0.15,0.2,0.0,0.0,0.0,0.0,0.0,0.0,0.35,0.0,0.0,0.0,0.0,0.0,0.0,0.0,0.0,0.0,0.0,0.55,0.0,0.1,0.15,0.2,0.0,0.0,0.0,0.0,0.0,0.8,0.0,4.0
Syria,2851,6.43212907751666,5.976148719747457,1.0,517.0,1.5927654695734517,0.08207646439845669,0.032970887407927044,0.6723956506488952,0.014380918975797966,0.0007015082427218519,0.003156787092248334,0.11083830235005261,0.0014030164854437039,0.08207646439845669,0.0,0.0014030164854437039,0.038933707471062784,0.01578393546124167,0.0007015082427218519,0.013679410733076113,0.02911259207295686,0.03437390389337075,0.0,0.27043142756927396,0.012627148368993335,0.00175377060680463,0.02911259207295686,0.40126271483689935,0.03051560855840056,0.00035075412136092597,0.07225534900035076,0.0,0.016134689582602595,0.020343739038933707,0.009821115398105928,0.0014030164854437039,0.0,0.004209049456331112,0.7215012276394248,0.0,0.10347246580147317,0.011224131883549631,0.011925640126271484,0.00035075412136092597,0.0,0.00035075412136092597,0.14661522272886707,0.00035075412136092597,0.9596632760434936,0.14380918975797966,74.0
Taiwan,14,0.14285714285714285,1.5714285714285714,0.0,2.0,0.39495922053653026,0.21428571428571427,0.07142857142857142,0.2857142857142857,0.2857142857142857,0.0,0.0,0.07142857142857142,0.07142857142857142,0.0,0.0,0.0,0.0,0.07142857142857142,0.0,0.0,0.42857142857142855,0.0,0.0,0.14285714285714285,0.0,0.0,0.0,0.21428571428571427,0.0,0.0,0.0,0.0,0.14285714285714285,0.0,0.0,0.0,0.0,0.07142857142857142,0.21428571428571427,0.0,0.21428571428571427,0.2857142857142857,0.14285714285714285,0.0,0.0,0.0,0.0,0.07142857142857142,0.35714285714285715,0.0,1.0
Tajikistan,34,3.676470588235294,4.147058823529412,1.0,32.0,1.4206642424680092,0.35294117647058826,0.20588235294117646,0.29411764705882354,0.0,0.0,0.029411764705882353,0.08823529411764706,0.029411764705882353,0.0,0.0,0.0,0.058823529411764705,0.0,0.0,0.0,0.35294117647058826,0.029411764705882353,0.0,0.058823529411764705,0.058823529411764705,0.0,0.20588235294117646,0.17647058823529413,0.029411764705882353,0.0,0.0,0.0,0.0,0.029411764705882353,0.0,0.0,0.0,0.0,0.38235294117647056,0.0,0.47058823529411764,0.029411764705882353,0.11764705882352941,0.0,0.0,0.0,0.0,0.0,1.0,0.029411764705882353,7.0
Tanzania,64,1.53125,2.4375,0.0,20.0,0.8688990509737075,0.140625,0.109375,0.328125,0.1875,0.0,0.015625,0.125,0.046875,0.046875,0.0,0.0,0.078125,0.015625,0.0,0.03125,0.171875,0.0625,0.0,0.046875,0.0,0.0,0.078125,0.1875,0.265625,0.0,0.0,0.0,0.015625,0.046875,0.0,0.0,0.0,0.03125,0.359375,0.0,0.171875,0.25,0.109375,0.0,0.0,0.0,0.078125,0.0,0.859375,0.0,11.0
Thailand,3975,0.6352201257861635,1.8598742138364779,0.0,20.0,0.8119159178016098,0.37383647798742137,0.045283018867924525,0.4840251572327044,0.08327044025157233,0.0037735849056603774,0.0015094339622641509,0.0030188679245283017,0.001761006289308176,0.003522012578616352,0.0,0.0010062893081761006,0.14641509433962263,0.05811320754716981,0.0007547169811320754,0.001761006289308176,0.12,0.004276729559748427,0.0010062893081761006,0.15773584905660376,0.0007547169811320754,0.0010062893081761006,0.1421383647798742,0.24050314465408806,0.01459119496855346,0.018867924528301886,0.0007547169811320754,0.00025157232704402514,0.019874213836477986,0.021132075471698115,0.04905660377358491,0.0,0.0,0.00025157232704402514,0.49836477987421385,0.0,0.4052830188679245,0.07924528301886792,0.00729559748427673,0.0005031446540880503,0.0,0.004528301886792453,0.004528301886792453,0.0,0.9376100628930818,0.0,32.0
Togo,1,0.0,0.0,0.0,0.0,0.0,0.0,0.0,0.0,1.0,0.0,0.0,0.0,0.0,0.0,0.0,0.0,0.0,1.0,0.0,0.0,0.0,0.0,0.0,0.0,0.0,0.0,0.0,0.0,0.0,0.0,0.0,0.0,0.0,0.0,0.0,0.0,0.0,0.0,0.0,0.0,0.0,1.0,0.0,0.0,0.0,0.0,0.0,0.0,1.0,0.0,
Trinidad and Tobago,10,0.0,1.4,0.0,0.0,0.270805020110221,0.4,0.1,0.3,0.2,0.0,0.0,0.0,0.0,0.0,0.0,0.0,0.0,0.0,0.0,0.0,0.3,0.1,0.1,0.0,0.0,0.0,0.1,0.4,0.0,0.0,0.0,0.0,0.0,0.0,0.0,0.0,0.0,0.0,0.3,0.0,0.2,0.5,0.0,0.0,0.0,0.0,0.0,0.0,0.8,0.0,
Tunisia,138,2.4057971014492754,2.818840579710145,1.0,40.0,1.1058598083960451,0.34057971014492755,0.036231884057971016,0.37681159420289856,0.09420289855072464,0.007246376811594203,0.007246376811594203,0.09420289855072464,0.007246376811594203,0.036231884057971016,0.0,0.0,0.021739130434782608,0.007246376811594203,0.0,0.007246376811594203,0.036231884057971016,0.0,0.0,0.4420289855072464,0.0,0.0,0.1956521739130435,0.16666666666666666,0.06521739130434782,0.007246376811594203,0.0,0.021739130434782608,0.0,0.014492753623188406,0.014492753623188406,0.0,0.007246376811594203,0.0,0.427536231884058,0.0,0.3333333333333333,0.07246376811594203,0.08695652173913043,0.0,0.0,0.007246376811594203,0.06521739130434782,0.0,0.855072463768116,0.10144927536231885,12.0
Turkey,1996,1.3261523046092185,3.7319639278557113,0.0,105.0,1.002148108038642,0.2590180360721443,0.03006012024048096,0.5365731462925851,0.062625250501002,0.003006012024048096,0.0035070140280561123,0.05511022044088176,0.004008016032064128,0.04609218436873747,0.0,0.003006012024048096,0.07665330661322645,0.039579158316633264,0.000501002004008016,0.0045090180360721445,0.06963927855711423,0.01503006012024048,0.0,0.3046092184368738,0.00250501002004008,0.002004008016032064,0.17935871743486975,0.17384769539078157,0.009519038076152305,0.000501002004008016,0.021042084168336674,0.00250501002004008,0.02755511022044088,0.045090180360721446,0.022545090180360723,0.0,0.0,0.0,0.6047094188376754,0.000501002004008016,0.2339679358717435,0.05911823647294589,0.014028056112224449,0.000501002004008016,0.0,0.000501002004008016,0.08667334669338678,0.0,0.8827655310621243,0.03206412825651302,26.0
Turkmenistan,2,1.5,1.5,1.5,3.0,1.2424533248940002,0.5,0.5,0.0,0.0,0.0,0.0,0.0,0.0,0.0,0.0,0.0,0.0,0.0,0.0,0.0,0.5,0.0,0.0,0.5,0.0,0.0,0.0,0.0,0.0,0.0,0.0,0.0,0.0,0.0,0.0,0.0,0.0,0.0,0.0,0.0,1.0,0.0,0.0,0.0,0.0,0.0,0.0,0.0,0.5,0.0,2.0
Uganda,202,6.678217821782178,2.8168316831683167,1.0,200.0,1.4350761726762031,0.40594059405940597,0.12871287128712872,0.13861386138613863,0.0297029702970297,0.0,0.0,0.2079207920792079,0.024752475247524754,0.06435643564356436,0.0,0.0049504950495049506,0.0891089108910891,0.024752475247524754,0.0,0.009900990099009901,0.09405940594059406,0.0049504950495049506,0.0,0.039603960396039604,0.01485148514851485,0.0,0.054455445544554455,0.48514851485148514,0.10891089108910891,0.0,0.0,0.0,0.0594059405940594,0.0049504950495049506,0.0,0.0049504950495049506,0.0,0.0049504950495049506,0.15841584158415842,0.0,0.4752475247524752,0.0891089108910891,0.0891089108910891,0.0049504950495049506,0.0,0.0,0.1782178217821782,0.0,0.8861386138613861,0.009900990099009901,12.0
Ukraine,1792,1.2806919642857142,1.6026785714285714,0.0,298.0,0.5730455272553998,0.23660714285714285,0.021205357142857144,0.5502232142857143,0.06919642857142858,0.0011160714285714285,0.004464285714285714,0.06919642857142858,0.008928571428571428,0.0390625,0.0,0.002232142857142857,0.0546875,0.0078125,0.004464285714285714,0.016183035714285716,0.05859375,0.030691964285714284,0.0,0.48939732142857145,0.006138392857142857,0.0016741071428571428,0.03180803571428571,0.19698660714285715,0.013392857142857142,0.0011160714285714285,0.006138392857142857,0.0011160714285714285,0.041294642857142856,0.014508928571428572,0.020089285714285716,0.0016741071428571428,0.0,0.0016741071428571428,0.6735491071428571,0.0011160714285714285,0.17410714285714285,0.04296875,0.016183035714285716,0.0005580357142857143,0.0,0.0005580357142857143,0.08928571428571429,0.0,0.8978794642857143,0.0016741071428571428,27.0
United Arab Emirates,5,0.2,0.2,0.0,1.0,0.2772588722239781,0.2,0.0,0.8,0.0,0.0,0.0,0.0,0.0,0.0,0.0,0.2,0.0,0.2,0.0,0.0,0.0,0.0,0.2,0.0,0.0,0.0,0.2,0.2,0.0,0.0,0.0,0.0,0.0,0.0,0.0,0.0,0.0,0.0,0.8,0.0,0.0,0.0,0.2,0.0,0.0,0.0,0.0,0.0,0.6,0.2,2.0
United Kingdom,1340,0.11641791044776119,1.0865671641791044,0.0,27.0,0.19416045175977223,0.21567164179104478,0.010447761194029851,0.4761194029850746,0.24477611940298508,0.015671641791044775,0.0029850746268656717,0.006716417910447761,0.024626865671641792,0.0029850746268656717,0.0,0.0037313432835820895,0.07388059701492537,0.009701492537313432,0.0,0.0037313432835820895,0.05223880597014925,0.0037313432835820895,0.0,0.022388059701492536,0.0029850746268656717,0.0037313432835820895,0.14701492537313432,0.458955223880597,0.06492537313432836,0.023880597014925373,0.0052238805970149255,0.0037313432835820895,0.02164179104477612,0.09477611940298507,0.002238805970149254,0.0014925373134328358,0.0,0.0029850746268656717,0.4783582089552239,0.0,0.12686567164179105,0.332089552238806,0.04253731343283582,0.0029850746268656717,0.0,0.0014925373134328358,0.006716417910447761,0.005970149253731343,0.6694029850746268,0.007462686567164179,58.0
United States,757,4.54557463672391,31.49669749009247,0.0,1385.0,0.43522325800356265,0.24702774108322326,0.007926023778071334,0.16512549537648613,0.4702774108322325,0.010568031704095112,0.011889035667107,0.005284015852047556,0.08190224570673713,0.0,0.046235138705416116,0.010568031704095112,0.17701453104359313,0.04227212681638045,0.0,0.005284015852047556,0.08718626155878467,0.011889035667107,0.0,0.02509907529722589,0.005284015852047556,0.001321003963011889,0.07397622192866579,0.2575957727873184,0.2166446499339498,0.009247027741083224,0.002642007926023778,0.002642007926023778,0.007926023778071334,0.005284015852047556,0.011889035667107,0.0,0.026420079260237782,0.017173051519154558,0.15191545574636725,0.001321003963011889,0.23249669749009247,0.46895640686922063,0.0607661822985469,0.002642007926023778,0.0,0.005284015852047556,0.0,0.03302509907529723,0.8388375165125496,0.021136063408190225,59.0
Uruguay,2,0.5,0.5,0.5,1.0,0.5493061443340549,0.5,0.0,0.5,0.0,0.0,0.0,0.0,0.0,0.0,0.0,0.0,0.5,0.0,0.0,0.0,0.0,0.0,0.0,0.0,0.0,0.0,0.0,0.5,0.0,0.0,0.0,0.0,0.0,0.0,0.0,0.0,0.0,0.0,0.0,0.0,0.0,0.5,0.5,0.0,0.0,0.0,0.0,0.0,1.0,0.0,1.0
Uzbekistan,10,4.9,7.1,2.0,23.0,1.9483309314740471,0.2,0.0,0.6,0.1,0.0,0.0,0.0,0.0,0.1,0.0,0.0,0.0,0.0,0.0,0.4,0.1,0.0,0.0,0.0,0.0,0.0,0.4,0.1,0.0,0.0,0.0,0.0,0.0,0.0,0.0,0.0,0.0,0.0,0.7,0.1,0.1,0.1,0.0,0.0,0.0,0.0,0.0,0.0,0.8,0.6,2.0
Venezuela,83,0.9156626506024096,2.2409638554216866,0.0,20.0,0.7494996292828979,0.2289156626506024,0.13253012048192772,0.30120481927710846,0.1566265060240964,0.0,0.03614457831325301,0.10843373493975904,0.012048192771084338,0.024096385542168676,0.0,0.0,0.07228915662650602,0.03614457831325301,0.0,0.060240963855421686,0.18072289156626506,0.08433734939759036,0.0,0.10843373493975904,0.0,0.0,0.12048192771084337,0.21686746987951808,0.024096385542168676,0.0,0.012048192771084338,0.0,0.03614457831325301,0.0,0.04819277108433735,0.0,0.0,0.03614457831325301,0.37349397590361444,0.0,0.3855421686746988,0.07228915662650602,0.03614457831325301,0.0,0.0,0.024096385542168676,0.07228915662650602,0.0,0.7951807228915663,0.0,15.0
Vietnam,7,0.0,0.14285714285714285,0.0,0.0,0.09902102579427789,0.0,0.0,0.14285714285714285,0.2857142857142857,0.0,0.0,0.0,0.5714285714285714,0.0,0.0,0.14285714285714285,0.0,0.5714285714285714,0.0,0.0,0.0,0.0,0.0,0.0,0.0,0.0,0.2857142857142857,0.0,0.0,0.0,0.0,0.0,0.0,0.0,0.0,0.0,0.0,0.5714285714285714,0.14285714285714285,0.0,0.0,0.2857142857142857,0.0,0.0,0.0,0.0,0.0,0.0,0.2857142857142857,0.0,2.0
West Bank and Gaza Strip,1606,0.6494396014943961,1.229763387297634,0.0,17.0,0.6708002939455155,0.475093399750934,0.02054794520547945,0.3163138231631382,0.09339975093399751,0.0012453300124533001,0.0012453300124533001,0.034869240348692404,0.0547945205479452,0.0024906600249066002,0.0,0.0,0.0361145703611457,0.011830635118306352,0.0018679950186799503,0.009962640099626401,0.0460772104607721,0.009962640099626401,0.0,0.26899128268991285,0.0018679950186799503,0.0006226650062266501,0.10460772104607721,0.3530510585305106,0.031755915317559155,0.0,0.013075965130759652,0.0012453300124533001,0.034869240348692404,0.055417185554171855,0.0006226650062266501,0.01805728518057285,0.0,0.0018679950186799503,0.3306351183063512,0.0,0.2777085927770859,0.13947696139476962,0.18742216687422167,0.0043586550435865505,0.0,0.0024906600249066002,0.013075965130759652,0.04296388542963885,0.7403486924034869,0.039850560398505604,45.0
Western Sahara,3,0.0,1.0,0.0,0.0,0.46209812037329684,0.3333333333333333,0.0,0.3333333333333333,0.0,0.0,0.0,0.3333333333333333,0.0,0.0,0.0,0.0,0.0,0.0,0.0,0.3333333333333333,0.0,0.0,0.0,0.0,0.0,0.0,0.3333333333333333,0.3333333333333333,0.0,0.0,0.0,0.0,0.0,0.0,0.0,0.0,0.0,0.0,0.0,0.0,0.3333333333333333,0.3333333333333333,0.0,0.0,0.0,0.0,0.3333333333333333,0.0,0.6666666666666666,0.0,1.0
Yemen,5920,2.1570945945945947,2.2574324324324326,0.0,210.0,0.8884895221412497,0.1893581081081081,0.1097972972972973,0.4214527027027027,0.022466216216216216,0.0028716216216216218,0.0035472972972972975,0.1293918918918919,0.0013513513513513514,0.11976351351351351,0.0,0.0028716216216216218,0.0339527027027027,0.014358108108108109,0.0008445945945945946,0.011486486486486487,0.08530405405405406,0.022635135135135136,0.005236486486486487,0.2918918918918919,0.009628378378378379,0.0006756756756756757,0.05,0.3,0.019087837837837837,0.0005067567567567568,0.06013513513513514,0.002364864864864865,0.004054054054054054,0.028547297297297297,0.03006756756756757,0.026351351351351353,0.0,0.00033783783783783786,0.483277027027027,0.0,0.29341216216216215,0.0033783783783783786,0.004222972972972973,0.00016891891891891893,0.0,0.0006756756756756757,0.2141891891891892,0.00033783783783783786,0.8234797297297297,0.03918918918918919,46.0
Yugoslavia,37,0.35135135135135137,0.5405405405405406,0.0,3.0,0.46659840521246115,0.43243243243243246,0.1891891891891892,0.2972972972972973,0.0,0.0,0.0,0.05405405405405406,0.0,0.02702702702702703,0.0,0.0,0.02702702702702703,0.0,0.0,0.05405405405405406,0.32432432432432434,0.02702702702702703,0.0,0.02702702702702703,0.0,0.0,0.3783783783783784,0.13513513513513514,0.02702702702702703,0.0,0.0,0.0,0.0,0.0,0.0,0.0,0.0,0.0,0.35135135135135137,0.0,0.5675675675675675,0.02702702702702703,0.0,0.0,0.0,0.0,0.05405405405405406,0.0,0.8108108108108109,0.0,5.0
Zambia,11,0.0,0.18181818181818182,0.0,0.0,0.12602676010180824,0.7272727272727273,0.0,0.0,0.18181818181818182,0.0,0.0,0.09090909090909091,0.0,0.0,0.0,0.0,0.0,0.0,0.0,0.0,0.0,0.09090909090909091,0.0,0.0,0.0,0.0,0.0,0.9090909090909091,0.0,0.0,0.0,0.0,0.0,0.0,0.0,0.0,0.0,0.0,0.0,0.0,0.7272727272727273,0.18181818181818182,0.0,0.0,0.0,0.0,0.09090909090909091,0.0,0.9090909090909091,0.0,2.0
Zimbabwe,34,0.6176470588235294,3.5588235294117645,0.0,7.0,0.6748993860307353,0.38235294117647056,0.029411764705882353,0.23529411764705882,0.20588235294117646,0.0,0.029411764705882353,0.0,0.029411764705882353,0.08823529411764706,0.0,0.0,0.08823529411764706,0.0,0.0,0.0,0.2647058823529412,0.14705882352941177,0.0,0.029411764705882353,0.0,0.0,0.08823529411764706,0.23529411764705882,0.029411764705882353,0.0,0.0,0.0,0.0,0.0,0.0,0.11764705882352941,0.0,0.029411764705882353,0.2647058823529412,0.0,0.23529411764705882,0.3235294117647059,0.058823529411764705,0.0,0.0,0.0,0.08823529411764706,0.0,0.9705882352941176,0.0,5.0
